{
  "type": "FeatureCollection",
  "features": [
    {
      "type": "Feature",
      "properties": {
        "prov_id": "TAK",
        "name_th": "ตาก",
        "name_en": "Tak",
        "geom_source": "GADM4.1"
      },
      "geometry": {
        "type": "MultiPolygon",
        "coordinates": [
          [
            [
              [
                98.557,
                15.6573
              ],
              [
                98.5477,
                15.6817
              ],
              [
                98.5565,
                15.7186
              ],
              [
                98.5704,
                15.7725
              ],
              [
                98.5772,
                15.7933
              ],
              [
                98.6111,
                15.8754
              ],
              [
                98.6042,
                15.8746
              ],
              [
                98.6015,
                15.8721
              ],
              [
                98.5966,
                15.8747
              ],
              [
                98.5974,
                15.8837
              ],
              [
                98.5934,
                15.8865
              ],
              [
                98.5897,
                15.893
              ],
              [
                98.5897,
                15.9048
              ],
              [
                98.5859,
                15.9123
              ],
              [
                98.5853,
                15.9171
              ],
              [
                98.589,
                15.9319
              ],
              [
                98.5931,
                15.9386
              ],
              [
                98.5928,
                15.9509
              ],
              [
                98.5949,
                15.9581
              ],
              [
                98.6028,
                15.9642
              ],
              [
                98.6061,
                15.9644
              ],
              [
                98.6093,
                15.9714
              ],
              [
                98.6091,
                15.9769
              ],
              [
                98.6064,
                15.9811
              ],
              [
                98.6071,
                15.9845
              ],
              [
                98.6053,
                15.99
              ],
              [
                98.6005,
                15.9958
              ],
              [
                98.5973,
                16.0053
              ],
              [
                98.5925,
                16.012
              ],
              [
                98.5789,
                16.0185
              ],
              [
                98.5766,
                16.024
              ],
              [
                98.5629,
                16.0312
              ],
              [
                98.5642,
                16.0443
              ],
              [
                98.5681,
                16.0551
              ],
              [
                98.5761,
                16.0567
              ],
              [
                98.582,
                16.0617
              ],
              [
                98.5887,
                16.0552
              ],
              [
                98.595,
                16.0553
              ],
              [
                98.5991,
                16.0608
              ],
              [
                98.6058,
                16.0626
              ],
              [
                98.6092,
                16.0598
              ],
              [
                98.6047,
                16.0522
              ],
              [
                98.6081,
                16.0493
              ],
              [
                98.6093,
                16.0412
              ],
              [
                98.6129,
                16.041
              ],
              [
                98.6145,
                16.0387
              ],
              [
                98.6197,
                16.0412
              ],
              [
                98.626,
                16.041
              ],
              [
                98.6328,
                16.0483
              ],
              [
                98.6277,
                16.0604
              ],
              [
                98.6376,
                16.0613
              ],
              [
                98.6409,
                16.0596
              ],
              [
                98.6451,
                16.0661
              ],
              [
                98.6617,
                16.0719
              ],
              [
                98.6632,
                16.0757
              ],
              [
                98.6598,
                16.0803
              ],
              [
                98.6603,
                16.082
              ],
              [
                98.6721,
                16.0891
              ],
              [
                98.6757,
                16.0944
              ],
              [
                98.6749,
                16.0984
              ],
              [
                98.6699,
                16.103
              ],
              [
                98.6674,
                16.1084
              ],
              [
                98.6733,
                16.1111
              ],
              [
                98.681,
                16.1096
              ],
              [
                98.6835,
                16.1109
              ],
              [
                98.683,
                16.1171
              ],
              [
                98.6791,
                16.1242
              ],
              [
                98.6806,
                16.1266
              ],
              [
                98.6871,
                16.1274
              ],
              [
                98.6874,
                16.1317
              ],
              [
                98.6935,
                16.1301
              ],
              [
                98.7,
                16.1337
              ],
              [
                98.7086,
                16.134
              ],
              [
                98.7148,
                16.1307
              ],
              [
                98.719,
                16.1222
              ],
              [
                98.7345,
                16.1209
              ],
              [
                98.7447,
                16.1175
              ],
              [
                98.7513,
                16.1192
              ],
              [
                98.7587,
                16.1181
              ],
              [
                98.7702,
                16.1191
              ],
              [
                98.7739,
                16.1227
              ],
              [
                98.7808,
                16.1248
              ],
              [
                98.7851,
                16.1221
              ],
              [
                98.789,
                16.11
              ],
              [
                98.8049,
                16.1028
              ],
              [
                98.8074,
                16.1036
              ],
              [
                98.8098,
                16.1068
              ],
              [
                98.8202,
                16.1094
              ],
              [
                98.8263,
                16.1127
              ],
              [
                98.8304,
                16.1161
              ],
              [
                98.8295,
                16.1204
              ],
              [
                98.8341,
                16.1254
              ],
              [
                98.8385,
                16.1255
              ],
              [
                98.8427,
                16.1281
              ],
              [
                98.8489,
                16.1264
              ],
              [
                98.8529,
                16.134
              ],
              [
                98.8505,
                16.1377
              ],
              [
                98.8532,
                16.1427
              ],
              [
                98.8549,
                16.1551
              ],
              [
                98.8516,
                16.1581
              ],
              [
                98.852,
                16.1597
              ],
              [
                98.8576,
                16.1618
              ],
              [
                98.8582,
                16.1649
              ],
              [
                98.8629,
                16.1675
              ],
              [
                98.8632,
                16.1691
              ],
              [
                98.8606,
                16.181
              ],
              [
                98.8615,
                16.1855
              ],
              [
                98.855,
                16.1909
              ],
              [
                98.8565,
                16.193
              ],
              [
                98.8596,
                16.1928
              ],
              [
                98.8621,
                16.1962
              ],
              [
                98.86,
                16.2046
              ],
              [
                98.8538,
                16.2119
              ],
              [
                98.854,
                16.2182
              ],
              [
                98.8567,
                16.2198
              ],
              [
                98.8562,
                16.2223
              ],
              [
                98.8665,
                16.2313
              ],
              [
                98.871,
                16.2324
              ],
              [
                98.8721,
                16.2366
              ],
              [
                98.8746,
                16.2362
              ],
              [
                98.8763,
                16.2305
              ],
              [
                98.8791,
                16.2285
              ],
              [
                98.8827,
                16.238
              ],
              [
                98.8888,
                16.2419
              ],
              [
                98.889,
                16.2468
              ],
              [
                98.8944,
                16.2468
              ],
              [
                98.9039,
                16.2521
              ],
              [
                98.9057,
                16.2594
              ],
              [
                98.9111,
                16.2657
              ],
              [
                98.9106,
                16.2698
              ],
              [
                98.9081,
                16.2712
              ],
              [
                98.9078,
                16.2738
              ],
              [
                98.913,
                16.2916
              ],
              [
                98.9124,
                16.298
              ],
              [
                98.9165,
                16.3039
              ],
              [
                98.9198,
                16.3046
              ],
              [
                98.9247,
                16.303
              ],
              [
                98.9288,
                16.3052
              ],
              [
                98.9285,
                16.3092
              ],
              [
                98.9262,
                16.3108
              ],
              [
                98.9326,
                16.3272
              ],
              [
                98.9283,
                16.3375
              ],
              [
                98.9253,
                16.3407
              ],
              [
                98.9266,
                16.3444
              ],
              [
                98.9135,
                16.3428
              ],
              [
                98.91,
                16.3461
              ],
              [
                98.9134,
                16.3527
              ],
              [
                98.9179,
                16.3563
              ],
              [
                98.9208,
                16.3671
              ],
              [
                98.9178,
                16.3756
              ],
              [
                98.92,
                16.3843
              ],
              [
                98.9173,
                16.3889
              ],
              [
                98.904,
                16.3976
              ],
              [
                98.8978,
                16.4052
              ],
              [
                98.8932,
                16.4059
              ],
              [
                98.8906,
                16.4138
              ],
              [
                98.8809,
                16.4231
              ],
              [
                98.8711,
                16.4217
              ],
              [
                98.8627,
                16.4278
              ],
              [
                98.8594,
                16.4281
              ],
              [
                98.8563,
                16.4267
              ],
              [
                98.8481,
                16.4181
              ],
              [
                98.8317,
                16.4214
              ],
              [
                98.8264,
                16.409
              ],
              [
                98.8147,
                16.3938
              ],
              [
                98.8145,
                16.3905
              ],
              [
                98.8175,
                16.3848
              ],
              [
                98.7933,
                16.3695
              ],
              [
                98.7861,
                16.3667
              ],
              [
                98.7829,
                16.3636
              ],
              [
                98.7831,
                16.3542
              ],
              [
                98.7765,
                16.3472
              ],
              [
                98.7769,
                16.3439
              ],
              [
                98.7739,
                16.3438
              ],
              [
                98.7721,
                16.346
              ],
              [
                98.7668,
                16.3421
              ],
              [
                98.7469,
                16.3438
              ],
              [
                98.7442,
                16.3385
              ],
              [
                98.7289,
                16.3297
              ],
              [
                98.7262,
                16.3215
              ],
              [
                98.7288,
                16.3178
              ],
              [
                98.7278,
                16.3149
              ],
              [
                98.7256,
                16.3118
              ],
              [
                98.7217,
                16.3121
              ],
              [
                98.7199,
                16.3102
              ],
              [
                98.7211,
                16.3019
              ],
              [
                98.7195,
                16.2949
              ],
              [
                98.7075,
                16.2916
              ],
              [
                98.7056,
                16.2824
              ],
              [
                98.7067,
                16.2788
              ],
              [
                98.7042,
                16.2765
              ],
              [
                98.7052,
                16.2733
              ],
              [
                98.702,
                16.2685
              ],
              [
                98.7004,
                16.2671
              ],
              [
                98.6946,
                16.2688
              ],
              [
                98.6927,
                16.2735
              ],
              [
                98.6816,
                16.2797
              ],
              [
                98.68,
                16.2767
              ],
              [
                98.6823,
                16.2738
              ],
              [
                98.6795,
                16.2705
              ],
              [
                98.6762,
                16.2697
              ],
              [
                98.6747,
                16.2733
              ],
              [
                98.6754,
                16.2797
              ],
              [
                98.6734,
                16.2824
              ],
              [
                98.6695,
                16.2826
              ],
              [
                98.6681,
                16.2897
              ],
              [
                98.6709,
                16.2943
              ],
              [
                98.6709,
                16.3024
              ],
              [
                98.6686,
                16.3064
              ],
              [
                98.6707,
                16.3088
              ],
              [
                98.6716,
                16.3148
              ],
              [
                98.6705,
                16.3162
              ],
              [
                98.6656,
                16.316
              ],
              [
                98.6657,
                16.3199
              ],
              [
                98.6683,
                16.3206
              ],
              [
                98.6679,
                16.3234
              ],
              [
                98.6696,
                16.3251
              ],
              [
                98.6674,
                16.3432
              ],
              [
                98.6667,
                16.3456
              ],
              [
                98.6552,
                16.3489
              ],
              [
                98.6539,
                16.3514
              ],
              [
                98.6562,
                16.3557
              ],
              [
                98.663,
                16.358
              ],
              [
                98.6652,
                16.3637
              ],
              [
                98.6612,
                16.3677
              ],
              [
                98.6548,
                16.3693
              ],
              [
                98.6588,
                16.3753
              ],
              [
                98.6542,
                16.3867
              ],
              [
                98.6503,
                16.3913
              ],
              [
                98.651,
                16.3938
              ],
              [
                98.657,
                16.3982
              ],
              [
                98.6462,
                16.4011
              ],
              [
                98.6413,
                16.4084
              ],
              [
                98.6372,
                16.4103
              ],
              [
                98.6406,
                16.412
              ],
              [
                98.6416,
                16.4146
              ],
              [
                98.6391,
                16.425
              ],
              [
                98.6415,
                16.4302
              ],
              [
                98.6516,
                16.4458
              ],
              [
                98.6576,
                16.4494
              ],
              [
                98.6588,
                16.4527
              ],
              [
                98.6585,
                16.4558
              ],
              [
                98.6527,
                16.4611
              ],
              [
                98.6523,
                16.4698
              ],
              [
                98.6481,
                16.4718
              ],
              [
                98.6454,
                16.4715
              ],
              [
                98.6442,
                16.4774
              ],
              [
                98.6357,
                16.4764
              ],
              [
                98.6292,
                16.4941
              ],
              [
                98.6239,
                16.4961
              ],
              [
                98.6164,
                16.5035
              ],
              [
                98.608,
                16.5221
              ],
              [
                98.5968,
                16.5332
              ],
              [
                98.5992,
                16.5423
              ],
              [
                98.5984,
                16.5444
              ],
              [
                98.5912,
                16.5416
              ],
              [
                98.5885,
                16.5421
              ],
              [
                98.5855,
                16.5461
              ],
              [
                98.5864,
                16.5494
              ],
              [
                98.5853,
                16.5521
              ],
              [
                98.5875,
                16.5554
              ],
              [
                98.5851,
                16.5568
              ],
              [
                98.5793,
                16.5552
              ],
              [
                98.5779,
                16.5569
              ],
              [
                98.5792,
                16.5618
              ],
              [
                98.5771,
                16.5655
              ],
              [
                98.5736,
                16.5663
              ],
              [
                98.574,
                16.5691
              ],
              [
                98.5782,
                16.5709
              ],
              [
                98.5815,
                16.5641
              ],
              [
                98.586,
                16.563
              ],
              [
                98.5882,
                16.5643
              ],
              [
                98.5848,
                16.5688
              ],
              [
                98.5813,
                16.5703
              ],
              [
                98.5804,
                16.5731
              ],
              [
                98.5861,
                16.5807
              ],
              [
                98.5872,
                16.5854
              ],
              [
                98.5832,
                16.5916
              ],
              [
                98.5838,
                16.5988
              ],
              [
                98.5782,
                16.5962
              ],
              [
                98.5773,
                16.5994
              ],
              [
                98.5787,
                16.6034
              ],
              [
                98.5777,
                16.6045
              ],
              [
                98.5723,
                16.6037
              ],
              [
                98.5715,
                16.6061
              ],
              [
                98.5718,
                16.6103
              ],
              [
                98.5701,
                16.6148
              ],
              [
                98.5751,
                16.619
              ],
              [
                98.572,
                16.6248
              ],
              [
                98.5723,
                16.6291
              ],
              [
                98.5713,
                16.6303
              ],
              [
                98.5625,
                16.6287
              ],
              [
                98.5601,
                16.6335
              ],
              [
                98.5551,
                16.6321
              ],
              [
                98.5478,
                16.6363
              ],
              [
                98.5452,
                16.6366
              ],
              [
                98.5377,
                16.6327
              ],
              [
                98.5346,
                16.6344
              ],
              [
                98.5318,
                16.6388
              ],
              [
                98.5265,
                16.6401
              ],
              [
                98.5232,
                16.6483
              ],
              [
                98.519,
                16.648
              ],
              [
                98.5132,
                16.6435
              ],
              [
                98.5123,
                16.6467
              ],
              [
                98.5163,
                16.6562
              ],
              [
                98.5155,
                16.668
              ],
              [
                98.519,
                16.674
              ],
              [
                98.5155,
                16.6844
              ],
              [
                98.5174,
                16.6912
              ],
              [
                98.5121,
                16.6945
              ],
              [
                98.5167,
                16.6988
              ],
              [
                98.5044,
                16.698
              ],
              [
                98.5008,
                16.6908
              ],
              [
                98.4966,
                16.6895
              ],
              [
                98.499,
                16.6948
              ],
              [
                98.4973,
                16.7012
              ],
              [
                98.5032,
                16.7094
              ],
              [
                98.5024,
                16.7136
              ],
              [
                98.4966,
                16.7153
              ],
              [
                98.4915,
                16.7071
              ],
              [
                98.4872,
                16.7142
              ],
              [
                98.472,
                16.7122
              ],
              [
                98.471,
                16.7138
              ],
              [
                98.472,
                16.7156
              ],
              [
                98.4774,
                16.7159
              ],
              [
                98.4779,
                16.7183
              ],
              [
                98.4759,
                16.7209
              ],
              [
                98.4707,
                16.7232
              ],
              [
                98.469,
                16.7266
              ],
              [
                98.4645,
                16.7264
              ],
              [
                98.4637,
                16.7281
              ],
              [
                98.4695,
                16.736
              ],
              [
                98.4639,
                16.7451
              ],
              [
                98.4641,
                16.7497
              ],
              [
                98.4677,
                16.7507
              ],
              [
                98.471,
                16.7496
              ],
              [
                98.476,
                16.7445
              ],
              [
                98.4787,
                16.7442
              ],
              [
                98.4806,
                16.7474
              ],
              [
                98.4774,
                16.7514
              ],
              [
                98.4781,
                16.7607
              ],
              [
                98.49,
                16.7701
              ],
              [
                98.4905,
                16.7721
              ],
              [
                98.4851,
                16.7787
              ],
              [
                98.4864,
                16.7881
              ],
              [
                98.4907,
                16.7901
              ],
              [
                98.4933,
                16.7872
              ],
              [
                98.497,
                16.7902
              ],
              [
                98.502,
                16.7844
              ],
              [
                98.5049,
                16.7847
              ],
              [
                98.5078,
                16.787
              ],
              [
                98.5081,
                16.7944
              ],
              [
                98.5114,
                16.7965
              ],
              [
                98.516,
                16.7938
              ],
              [
                98.5164,
                16.79
              ],
              [
                98.5222,
                16.7894
              ],
              [
                98.5246,
                16.7911
              ],
              [
                98.5274,
                16.7978
              ],
              [
                98.5263,
                16.7988
              ],
              [
                98.5185,
                16.7971
              ],
              [
                98.5161,
                16.8008
              ],
              [
                98.5174,
                16.8044
              ],
              [
                98.523,
                16.807
              ],
              [
                98.5473,
                16.8111
              ],
              [
                98.5488,
                16.8138
              ],
              [
                98.543,
                16.8191
              ],
              [
                98.5415,
                16.8254
              ],
              [
                98.5394,
                16.8279
              ],
              [
                98.537,
                16.829
              ],
              [
                98.5285,
                16.8253
              ],
              [
                98.5236,
                16.833
              ],
              [
                98.5136,
                16.8357
              ],
              [
                98.5101,
                16.8354
              ],
              [
                98.5048,
                16.8304
              ],
              [
                98.4999,
                16.8334
              ],
              [
                98.4941,
                16.8402
              ],
              [
                98.499,
                16.8586
              ],
              [
                98.5048,
                16.8638
              ],
              [
                98.5095,
                16.8639
              ],
              [
                98.5121,
                16.8545
              ],
              [
                98.5165,
                16.8552
              ],
              [
                98.5172,
                16.8571
              ],
              [
                98.5136,
                16.8678
              ],
              [
                98.5086,
                16.8735
              ],
              [
                98.5096,
                16.8773
              ],
              [
                98.5137,
                16.8784
              ],
              [
                98.5201,
                16.8766
              ],
              [
                98.5261,
                16.87
              ],
              [
                98.534,
                16.8649
              ],
              [
                98.5384,
                16.8581
              ],
              [
                98.5408,
                16.8579
              ],
              [
                98.5414,
                16.8594
              ],
              [
                98.5338,
                16.8734
              ],
              [
                98.5279,
                16.8799
              ],
              [
                98.5278,
                16.8856
              ],
              [
                98.531,
                16.8896
              ],
              [
                98.5366,
                16.8927
              ],
              [
                98.5361,
                16.8967
              ],
              [
                98.532,
                16.8986
              ],
              [
                98.5146,
                16.8998
              ],
              [
                98.5135,
                16.9025
              ],
              [
                98.5205,
                16.9075
              ],
              [
                98.5232,
                16.9114
              ],
              [
                98.5218,
                16.9158
              ],
              [
                98.5117,
                16.9147
              ],
              [
                98.51,
                16.9139
              ],
              [
                98.5089,
                16.9093
              ],
              [
                98.507,
                16.9098
              ],
              [
                98.5019,
                16.915
              ],
              [
                98.5022,
                16.9186
              ],
              [
                98.5055,
                16.9233
              ],
              [
                98.5047,
                16.9271
              ],
              [
                98.5008,
                16.9272
              ],
              [
                98.4916,
                16.9213
              ],
              [
                98.4908,
                16.9245
              ],
              [
                98.4923,
                16.9323
              ],
              [
                98.4843,
                16.9364
              ],
              [
                98.4853,
                16.9401
              ],
              [
                98.4916,
                16.9429
              ],
              [
                98.4975,
                16.9482
              ],
              [
                98.5022,
                16.9479
              ],
              [
                98.5051,
                16.9434
              ],
              [
                98.5091,
                16.9442
              ],
              [
                98.5086,
                16.9471
              ],
              [
                98.5017,
                16.9544
              ],
              [
                98.4901,
                16.9563
              ],
              [
                98.4905,
                16.9678
              ],
              [
                98.4884,
                16.9705
              ],
              [
                98.4822,
                16.9703
              ],
              [
                98.4759,
                16.9676
              ],
              [
                98.4704,
                16.9705
              ],
              [
                98.4705,
                16.9732
              ],
              [
                98.4802,
                16.9762
              ],
              [
                98.481,
                16.9805
              ],
              [
                98.4751,
                16.9839
              ],
              [
                98.4732,
                16.9879
              ],
              [
                98.4732,
                16.9947
              ],
              [
                98.4693,
                16.9949
              ],
              [
                98.4607,
                16.9906
              ],
              [
                98.4499,
                16.9958
              ],
              [
                98.4498,
                16.9998
              ],
              [
                98.4563,
                17.0087
              ],
              [
                98.453,
                17.0132
              ],
              [
                98.4562,
                17.0182
              ],
              [
                98.4556,
                17.0203
              ],
              [
                98.4518,
                17.0221
              ],
              [
                98.4411,
                17.0185
              ],
              [
                98.4314,
                17.0195
              ],
              [
                98.4323,
                17.0222
              ],
              [
                98.4372,
                17.0241
              ],
              [
                98.4387,
                17.0338
              ],
              [
                98.4315,
                17.0367
              ],
              [
                98.4258,
                17.0361
              ],
              [
                98.4245,
                17.0417
              ],
              [
                98.4225,
                17.0431
              ],
              [
                98.4169,
                17.0412
              ],
              [
                98.4124,
                17.0513
              ],
              [
                98.4104,
                17.0526
              ],
              [
                98.4028,
                17.0532
              ],
              [
                98.3995,
                17.0458
              ],
              [
                98.3964,
                17.0462
              ],
              [
                98.3908,
                17.051
              ],
              [
                98.393,
                17.0569
              ],
              [
                98.3897,
                17.058
              ],
              [
                98.3793,
                17.0568
              ],
              [
                98.3751,
                17.0539
              ],
              [
                98.3709,
                17.0542
              ],
              [
                98.3606,
                17.0473
              ],
              [
                98.3448,
                17.0465
              ],
              [
                98.3386,
                17.0492
              ],
              [
                98.318,
                17.0675
              ],
              [
                98.3113,
                17.0801
              ],
              [
                98.3132,
                17.0864
              ],
              [
                98.308,
                17.0888
              ],
              [
                98.3031,
                17.0869
              ],
              [
                98.3002,
                17.09
              ],
              [
                98.3045,
                17.0923
              ],
              [
                98.3092,
                17.0991
              ],
              [
                98.3148,
                17.0935
              ],
              [
                98.3161,
                17.0939
              ],
              [
                98.3175,
                17.0954
              ],
              [
                98.3187,
                17.1046
              ],
              [
                98.3223,
                17.1084
              ],
              [
                98.3217,
                17.1101
              ],
              [
                98.3081,
                17.1099
              ],
              [
                98.3008,
                17.1052
              ],
              [
                98.2996,
                17.1161
              ],
              [
                98.301,
                17.1192
              ],
              [
                98.298,
                17.1261
              ],
              [
                98.2961,
                17.1252
              ],
              [
                98.2939,
                17.1187
              ],
              [
                98.2958,
                17.1138
              ],
              [
                98.2906,
                17.1098
              ],
              [
                98.2871,
                17.1092
              ],
              [
                98.2808,
                17.113
              ],
              [
                98.281,
                17.1199
              ],
              [
                98.2869,
                17.1299
              ],
              [
                98.2853,
                17.1417
              ],
              [
                98.2897,
                17.1433
              ],
              [
                98.2963,
                17.1401
              ],
              [
                98.2989,
                17.1422
              ],
              [
                98.2936,
                17.1526
              ],
              [
                98.2834,
                17.1522
              ],
              [
                98.2744,
                17.1486
              ],
              [
                98.2711,
                17.151
              ],
              [
                98.2687,
                17.156
              ],
              [
                98.2691,
                17.1606
              ],
              [
                98.2795,
                17.1658
              ],
              [
                98.2806,
                17.1712
              ],
              [
                98.2691,
                17.1747
              ],
              [
                98.2613,
                17.1737
              ],
              [
                98.26,
                17.177
              ],
              [
                98.2635,
                17.1815
              ],
              [
                98.2638,
                17.1856
              ],
              [
                98.251,
                17.1799
              ],
              [
                98.2495,
                17.186
              ],
              [
                98.2519,
                17.1955
              ],
              [
                98.249,
                17.196
              ],
              [
                98.245,
                17.1941
              ],
              [
                98.2436,
                17.1976
              ],
              [
                98.2453,
                17.2025
              ],
              [
                98.2449,
                17.208
              ],
              [
                98.2365,
                17.2066
              ],
              [
                98.2285,
                17.201
              ],
              [
                98.2271,
                17.2024
              ],
              [
                98.2266,
                17.2066
              ],
              [
                98.2286,
                17.2104
              ],
              [
                98.2332,
                17.2147
              ],
              [
                98.2424,
                17.2182
              ],
              [
                98.2441,
                17.2233
              ],
              [
                98.2423,
                17.2261
              ],
              [
                98.2368,
                17.2269
              ],
              [
                98.2288,
                17.2189
              ],
              [
                98.2233,
                17.2205
              ],
              [
                98.2196,
                17.2242
              ],
              [
                98.2114,
                17.2279
              ],
              [
                98.209,
                17.2316
              ],
              [
                98.2072,
                17.2446
              ],
              [
                98.2049,
                17.2471
              ],
              [
                98.1974,
                17.252
              ],
              [
                98.1893,
                17.2529
              ],
              [
                98.1842,
                17.256
              ],
              [
                98.173,
                17.2584
              ],
              [
                98.1669,
                17.2633
              ],
              [
                98.1663,
                17.2727
              ],
              [
                98.1624,
                17.2771
              ],
              [
                98.1531,
                17.2821
              ],
              [
                98.1471,
                17.2897
              ],
              [
                98.1361,
                17.2913
              ],
              [
                98.1374,
                17.2973
              ],
              [
                98.1357,
                17.3025
              ],
              [
                98.1346,
                17.3049
              ],
              [
                98.1291,
                17.3074
              ],
              [
                98.1289,
                17.3115
              ],
              [
                98.1246,
                17.3191
              ],
              [
                98.119,
                17.321
              ],
              [
                98.113,
                17.3181
              ],
              [
                98.111,
                17.32
              ],
              [
                98.1063,
                17.3339
              ],
              [
                98.1055,
                17.3441
              ],
              [
                98.1073,
                17.3486
              ],
              [
                98.1059,
                17.3527
              ],
              [
                98.1091,
                17.3543
              ],
              [
                98.1107,
                17.3608
              ],
              [
                98.1181,
                17.3683
              ],
              [
                98.1192,
                17.3718
              ],
              [
                98.1163,
                17.3744
              ],
              [
                98.1119,
                17.3734
              ],
              [
                98.1106,
                17.3749
              ],
              [
                98.1094,
                17.379
              ],
              [
                98.1112,
                17.384
              ],
              [
                98.101,
                17.3897
              ],
              [
                98.0949,
                17.3897
              ],
              [
                98.0894,
                17.394
              ],
              [
                98.0837,
                17.3885
              ],
              [
                98.0811,
                17.3896
              ],
              [
                98.0789,
                17.3951
              ],
              [
                98.0742,
                17.3994
              ],
              [
                98.0725,
                17.4053
              ],
              [
                98.0671,
                17.4083
              ],
              [
                98.0616,
                17.4186
              ],
              [
                98.0466,
                17.4285
              ],
              [
                98.0473,
                17.4326
              ],
              [
                98.0568,
                17.4343
              ],
              [
                98.0561,
                17.4408
              ],
              [
                98.0506,
                17.4427
              ],
              [
                98.0368,
                17.4519
              ],
              [
                98.0048,
                17.4909
              ],
              [
                97.9937,
                17.5086
              ],
              [
                97.9889,
                17.511
              ],
              [
                97.9836,
                17.508
              ],
              [
                97.9812,
                17.509
              ],
              [
                97.9727,
                17.5071
              ],
              [
                97.9669,
                17.5152
              ],
              [
                97.9688,
                17.5195
              ],
              [
                97.9624,
                17.5269
              ],
              [
                97.9405,
                17.5301
              ],
              [
                97.9366,
                17.5321
              ],
              [
                97.9335,
                17.537
              ],
              [
                97.9278,
                17.5363
              ],
              [
                97.9251,
                17.5375
              ],
              [
                97.9207,
                17.5555
              ],
              [
                97.9126,
                17.561
              ],
              [
                97.9075,
                17.5818
              ],
              [
                97.9021,
                17.5876
              ],
              [
                97.8984,
                17.5887
              ],
              [
                97.8867,
                17.5982
              ],
              [
                97.8832,
                17.5989
              ],
              [
                97.8776,
                17.6056
              ],
              [
                97.873,
                17.6071
              ],
              [
                97.8521,
                17.6233
              ],
              [
                97.841,
                17.6357
              ],
              [
                97.832,
                17.6421
              ],
              [
                97.8284,
                17.6489
              ],
              [
                97.8224,
                17.6529
              ],
              [
                97.8203,
                17.6599
              ],
              [
                97.8052,
                17.6697
              ],
              [
                97.8025,
                17.6745
              ],
              [
                97.7954,
                17.6777
              ],
              [
                97.7924,
                17.6904
              ],
              [
                97.7797,
                17.7043
              ],
              [
                97.7763,
                17.7052
              ],
              [
                97.7688,
                17.7184
              ],
              [
                97.7649,
                17.7216
              ],
              [
                97.7661,
                17.7285
              ],
              [
                97.7639,
                17.7323
              ],
              [
                97.764,
                17.7425
              ],
              [
                97.7657,
                17.7442
              ],
              [
                97.7713,
                17.7445
              ],
              [
                97.7759,
                17.7488
              ],
              [
                97.7752,
                17.751
              ],
              [
                97.7675,
                17.756
              ],
              [
                97.7578,
                17.7706
              ],
              [
                97.7485,
                17.7674
              ],
              [
                97.7461,
                17.7684
              ],
              [
                97.7448,
                17.7747
              ],
              [
                97.7467,
                17.7806
              ],
              [
                97.7498,
                17.7806
              ],
              [
                97.7537,
                17.7758
              ],
              [
                97.7596,
                17.7768
              ],
              [
                97.7645,
                17.7747
              ],
              [
                97.7881,
                17.783
              ],
              [
                97.7963,
                17.775
              ],
              [
                97.8057,
                17.778
              ],
              [
                97.8112,
                17.7813
              ],
              [
                97.812,
                17.7833
              ],
              [
                97.8178,
                17.785
              ],
              [
                97.827,
                17.7798
              ],
              [
                97.8334,
                17.7784
              ],
              [
                97.8495,
                17.7782
              ],
              [
                97.8561,
                17.7826
              ],
              [
                97.8619,
                17.7838
              ],
              [
                97.864,
                17.789
              ],
              [
                97.8693,
                17.7878
              ],
              [
                97.8696,
                17.791
              ],
              [
                97.872,
                17.7935
              ],
              [
                97.877,
                17.7932
              ],
              [
                97.8859,
                17.7994
              ],
              [
                97.8955,
                17.8025
              ],
              [
                97.9055,
                17.8106
              ],
              [
                97.9075,
                17.8184
              ],
              [
                97.9,
                17.8286
              ],
              [
                97.9,
                17.8308
              ],
              [
                97.9027,
                17.8352
              ],
              [
                97.9088,
                17.8395
              ],
              [
                97.9083,
                17.842
              ],
              [
                97.9132,
                17.8532
              ],
              [
                97.9194,
                17.857
              ],
              [
                97.9373,
                17.8565
              ],
              [
                97.9511,
                17.8582
              ],
              [
                97.9557,
                17.8596
              ],
              [
                97.957,
                17.8624
              ],
              [
                97.9642,
                17.8662
              ],
              [
                97.965,
                17.8639
              ],
              [
                97.9673,
                17.8635
              ],
              [
                97.9701,
                17.867
              ],
              [
                97.9722,
                17.8655
              ],
              [
                97.9742,
                17.8615
              ],
              [
                97.9694,
                17.8576
              ],
              [
                97.9685,
                17.8551
              ],
              [
                97.9713,
                17.8466
              ],
              [
                97.973,
                17.8454
              ],
              [
                97.9756,
                17.8469
              ],
              [
                97.9788,
                17.8414
              ],
              [
                97.9822,
                17.8389
              ],
              [
                97.9834,
                17.8334
              ],
              [
                97.982,
                17.8305
              ],
              [
                97.979,
                17.8305
              ],
              [
                97.9763,
                17.8234
              ],
              [
                97.9768,
                17.821
              ],
              [
                97.9789,
                17.8221
              ],
              [
                97.9813,
                17.821
              ],
              [
                97.9803,
                17.8131
              ],
              [
                97.9899,
                17.8093
              ],
              [
                97.9868,
                17.8073
              ],
              [
                97.9873,
                17.7986
              ],
              [
                97.9916,
                17.7945
              ],
              [
                97.9945,
                17.784
              ],
              [
                97.9975,
                17.7843
              ],
              [
                97.9997,
                17.7785
              ],
              [
                97.9969,
                17.7755
              ],
              [
                97.9978,
                17.7733
              ],
              [
                98.0053,
                17.7736
              ],
              [
                98.0106,
                17.7672
              ],
              [
                98.0115,
                17.7649
              ],
              [
                98.0086,
                17.7602
              ],
              [
                98.0118,
                17.7539
              ],
              [
                98.0148,
                17.7543
              ],
              [
                98.0122,
                17.7495
              ],
              [
                98.0129,
                17.7466
              ],
              [
                98.0181,
                17.7444
              ],
              [
                98.0227,
                17.7365
              ],
              [
                98.022,
                17.7344
              ],
              [
                98.0159,
                17.7381
              ],
              [
                98.0164,
                17.7309
              ],
              [
                98.0222,
                17.7296
              ],
              [
                98.0222,
                17.7238
              ],
              [
                98.0283,
                17.7198
              ],
              [
                98.0248,
                17.7109
              ],
              [
                98.0263,
                17.7073
              ],
              [
                98.0305,
                17.7095
              ],
              [
                98.0326,
                17.7071
              ],
              [
                98.0319,
                17.7011
              ],
              [
                98.0393,
                17.694
              ],
              [
                98.0409,
                17.6845
              ],
              [
                98.044,
                17.6791
              ],
              [
                98.0416,
                17.6735
              ],
              [
                98.044,
                17.6736
              ],
              [
                98.0463,
                17.6685
              ],
              [
                98.0483,
                17.6681
              ],
              [
                98.0482,
                17.6652
              ],
              [
                98.0537,
                17.6655
              ],
              [
                98.0589,
                17.6607
              ],
              [
                98.0631,
                17.6543
              ],
              [
                98.0636,
                17.6465
              ],
              [
                98.0689,
                17.6477
              ],
              [
                98.0735,
                17.6464
              ],
              [
                98.0746,
                17.6441
              ],
              [
                98.0878,
                17.6355
              ],
              [
                98.0922,
                17.6354
              ],
              [
                98.0993,
                17.6193
              ],
              [
                98.1015,
                17.6207
              ],
              [
                98.1028,
                17.6189
              ],
              [
                98.1011,
                17.6127
              ],
              [
                98.1071,
                17.61
              ],
              [
                98.1061,
                17.6058
              ],
              [
                98.1081,
                17.6042
              ],
              [
                98.1049,
                17.5995
              ],
              [
                98.1071,
                17.5931
              ],
              [
                98.1111,
                17.5895
              ],
              [
                98.1082,
                17.5872
              ],
              [
                98.1093,
                17.5819
              ],
              [
                98.1109,
                17.5798
              ],
              [
                98.113,
                17.5799
              ],
              [
                98.1138,
                17.5751
              ],
              [
                98.117,
                17.5744
              ],
              [
                98.1279,
                17.5649
              ],
              [
                98.1272,
                17.5562
              ],
              [
                98.1311,
                17.5527
              ],
              [
                98.1332,
                17.5447
              ],
              [
                98.1389,
                17.5392
              ],
              [
                98.1429,
                17.5404
              ],
              [
                98.1502,
                17.5392
              ],
              [
                98.1692,
                17.5449
              ],
              [
                98.1742,
                17.5425
              ],
              [
                98.1802,
                17.5354
              ],
              [
                98.183,
                17.537
              ],
              [
                98.1886,
                17.5359
              ],
              [
                98.1899,
                17.5379
              ],
              [
                98.199,
                17.5408
              ],
              [
                98.2026,
                17.5384
              ],
              [
                98.2112,
                17.5383
              ],
              [
                98.2206,
                17.5454
              ],
              [
                98.2279,
                17.5435
              ],
              [
                98.2367,
                17.5483
              ],
              [
                98.2387,
                17.5476
              ],
              [
                98.2428,
                17.5538
              ],
              [
                98.2505,
                17.5567
              ],
              [
                98.2499,
                17.5604
              ],
              [
                98.2518,
                17.5652
              ],
              [
                98.2568,
                17.5715
              ],
              [
                98.263,
                17.5726
              ],
              [
                98.2688,
                17.5773
              ],
              [
                98.2734,
                17.5775
              ],
              [
                98.2883,
                17.5733
              ],
              [
                98.298,
                17.5739
              ],
              [
                98.3035,
                17.5647
              ],
              [
                98.2994,
                17.5534
              ],
              [
                98.3016,
                17.5496
              ],
              [
                98.3066,
                17.5478
              ],
              [
                98.309,
                17.5413
              ],
              [
                98.3098,
                17.5331
              ],
              [
                98.3074,
                17.531
              ],
              [
                98.315,
                17.5247
              ],
              [
                98.3135,
                17.5166
              ],
              [
                98.3166,
                17.5089
              ],
              [
                98.3172,
                17.5024
              ],
              [
                98.3214,
                17.4986
              ],
              [
                98.3287,
                17.4861
              ],
              [
                98.3303,
                17.469
              ],
              [
                98.3255,
                17.4589
              ],
              [
                98.3234,
                17.4469
              ],
              [
                98.3211,
                17.4439
              ],
              [
                98.3215,
                17.4331
              ],
              [
                98.3287,
                17.4274
              ],
              [
                98.3246,
                17.4214
              ],
              [
                98.3231,
                17.4146
              ],
              [
                98.3061,
                17.4097
              ],
              [
                98.3045,
                17.4109
              ],
              [
                98.2979,
                17.4103
              ],
              [
                98.2929,
                17.4056
              ],
              [
                98.3011,
                17.3972
              ],
              [
                98.3066,
                17.3889
              ],
              [
                98.3208,
                17.3771
              ],
              [
                98.3212,
                17.3743
              ],
              [
                98.318,
                17.3707
              ],
              [
                98.3189,
                17.3648
              ],
              [
                98.3346,
                17.3479
              ],
              [
                98.3309,
                17.3346
              ],
              [
                98.3329,
                17.3273
              ],
              [
                98.3252,
                17.3229
              ],
              [
                98.3191,
                17.3215
              ],
              [
                98.3184,
                17.319
              ],
              [
                98.3218,
                17.318
              ],
              [
                98.323,
                17.3156
              ],
              [
                98.3228,
                17.31
              ],
              [
                98.3314,
                17.3005
              ],
              [
                98.339,
                17.2955
              ],
              [
                98.351,
                17.2922
              ],
              [
                98.3581,
                17.2876
              ],
              [
                98.3627,
                17.287
              ],
              [
                98.3689,
                17.2946
              ],
              [
                98.3732,
                17.2972
              ],
              [
                98.3804,
                17.2983
              ],
              [
                98.3983,
                17.3047
              ],
              [
                98.4218,
                17.3075
              ],
              [
                98.4388,
                17.3027
              ],
              [
                98.4503,
                17.3071
              ],
              [
                98.4581,
                17.3126
              ],
              [
                98.4676,
                17.3094
              ],
              [
                98.4763,
                17.3029
              ],
              [
                98.4875,
                17.3
              ],
              [
                98.4831,
                17.2962
              ],
              [
                98.4837,
                17.2907
              ],
              [
                98.4861,
                17.2901
              ],
              [
                98.4911,
                17.2994
              ],
              [
                98.4941,
                17.2998
              ],
              [
                98.4947,
                17.2929
              ],
              [
                98.4902,
                17.2923
              ],
              [
                98.4884,
                17.2896
              ],
              [
                98.4921,
                17.2893
              ],
              [
                98.4945,
                17.2868
              ],
              [
                98.4935,
                17.2833
              ],
              [
                98.4979,
                17.2737
              ],
              [
                98.5036,
                17.2775
              ],
              [
                98.5188,
                17.279
              ],
              [
                98.5306,
                17.2727
              ],
              [
                98.5334,
                17.2732
              ],
              [
                98.5466,
                17.2807
              ],
              [
                98.5529,
                17.2796
              ],
              [
                98.5685,
                17.2838
              ],
              [
                98.5756,
                17.2834
              ],
              [
                98.5789,
                17.2914
              ],
              [
                98.5784,
                17.2978
              ],
              [
                98.576,
                17.2978
              ],
              [
                98.5672,
                17.2918
              ],
              [
                98.5588,
                17.2916
              ],
              [
                98.5593,
                17.2976
              ],
              [
                98.5571,
                17.3115
              ],
              [
                98.5614,
                17.3165
              ],
              [
                98.5616,
                17.3189
              ],
              [
                98.5556,
                17.336
              ],
              [
                98.5586,
                17.3437
              ],
              [
                98.5624,
                17.3464
              ],
              [
                98.5628,
                17.3496
              ],
              [
                98.559,
                17.3523
              ],
              [
                98.5541,
                17.353
              ],
              [
                98.549,
                17.3516
              ],
              [
                98.5445,
                17.354
              ],
              [
                98.5386,
                17.3615
              ],
              [
                98.5562,
                17.3939
              ],
              [
                98.5553,
                17.4088
              ],
              [
                98.5583,
                17.4172
              ],
              [
                98.5574,
                17.4238
              ],
              [
                98.5597,
                17.4271
              ],
              [
                98.5598,
                17.4304
              ],
              [
                98.5525,
                17.4421
              ],
              [
                98.5424,
                17.4485
              ],
              [
                98.54,
                17.4478
              ],
              [
                98.5322,
                17.4501
              ],
              [
                98.5276,
                17.4565
              ],
              [
                98.5202,
                17.4767
              ],
              [
                98.5203,
                17.4829
              ],
              [
                98.5256,
                17.4949
              ],
              [
                98.5203,
                17.509
              ],
              [
                98.5219,
                17.5128
              ],
              [
                98.5246,
                17.5128
              ],
              [
                98.5258,
                17.5147
              ],
              [
                98.5268,
                17.5181
              ],
              [
                98.5256,
                17.5218
              ],
              [
                98.5288,
                17.535
              ],
              [
                98.5378,
                17.5392
              ],
              [
                98.5362,
                17.5423
              ],
              [
                98.537,
                17.5451
              ],
              [
                98.5458,
                17.5581
              ],
              [
                98.5595,
                17.5677
              ],
              [
                98.5873,
                17.5781
              ],
              [
                98.5809,
                17.5956
              ],
              [
                98.5643,
                17.6142
              ],
              [
                98.5408,
                17.6159
              ],
              [
                98.5335,
                17.6195
              ],
              [
                98.5307,
                17.6321
              ],
              [
                98.5338,
                17.6383
              ],
              [
                98.5328,
                17.6459
              ],
              [
                98.5245,
                17.6715
              ],
              [
                98.5234,
                17.6814
              ],
              [
                98.5236,
                17.6956
              ],
              [
                98.5268,
                17.7051
              ],
              [
                98.5256,
                17.7098
              ],
              [
                98.5223,
                17.7138
              ],
              [
                98.5209,
                17.7235
              ],
              [
                98.5188,
                17.7271
              ],
              [
                98.5188,
                17.7348
              ],
              [
                98.5075,
                17.7509
              ],
              [
                98.5054,
                17.7576
              ],
              [
                98.5078,
                17.7685
              ],
              [
                98.5113,
                17.7705
              ],
              [
                98.5117,
                17.7872
              ],
              [
                98.5089,
                17.7879
              ],
              [
                98.5035,
                17.7933
              ],
              [
                98.4957,
                17.7957
              ],
              [
                98.4939,
                17.8052
              ],
              [
                98.4957,
                17.8122
              ],
              [
                98.4981,
                17.8142
              ],
              [
                98.512,
                17.8113
              ],
              [
                98.5169,
                17.8162
              ],
              [
                98.5156,
                17.8202
              ],
              [
                98.5207,
                17.8229
              ],
              [
                98.5238,
                17.8219
              ],
              [
                98.5316,
                17.8135
              ],
              [
                98.5457,
                17.8092
              ],
              [
                98.5517,
                17.802
              ],
              [
                98.5612,
                17.7944
              ],
              [
                98.5646,
                17.7951
              ],
              [
                98.574,
                17.8083
              ],
              [
                98.582,
                17.8055
              ],
              [
                98.5848,
                17.7997
              ],
              [
                98.5899,
                17.7987
              ],
              [
                98.5917,
                17.801
              ],
              [
                98.5914,
                17.8035
              ],
              [
                98.5985,
                17.8008
              ],
              [
                98.6052,
                17.7922
              ],
              [
                98.6098,
                17.7831
              ],
              [
                98.6148,
                17.7784
              ],
              [
                98.6236,
                17.7768
              ],
              [
                98.6283,
                17.7711
              ],
              [
                98.6303,
                17.765
              ],
              [
                98.6292,
                17.7579
              ],
              [
                98.6344,
                17.7429
              ],
              [
                98.6388,
                17.7353
              ],
              [
                98.6439,
                17.7369
              ],
              [
                98.6507,
                17.7428
              ],
              [
                98.666,
                17.7473
              ],
              [
                98.6693,
                17.7519
              ],
              [
                98.6807,
                17.7576
              ],
              [
                98.69,
                17.7652
              ],
              [
                98.6919,
                17.7753
              ],
              [
                98.693,
                17.7751
              ],
              [
                98.6993,
                17.7654
              ],
              [
                98.7042,
                17.7625
              ],
              [
                98.706,
                17.7594
              ],
              [
                98.705,
                17.7499
              ],
              [
                98.7032,
                17.7458
              ],
              [
                98.7049,
                17.7418
              ],
              [
                98.7095,
                17.736
              ],
              [
                98.7163,
                17.7332
              ],
              [
                98.7251,
                17.7262
              ],
              [
                98.7262,
                17.7148
              ],
              [
                98.7409,
                17.7067
              ],
              [
                98.7456,
                17.7001
              ],
              [
                98.7471,
                17.691
              ],
              [
                98.7462,
                17.6881
              ],
              [
                98.7394,
                17.6819
              ],
              [
                98.7323,
                17.6807
              ],
              [
                98.7244,
                17.6744
              ],
              [
                98.6974,
                17.6652
              ],
              [
                98.6868,
                17.6664
              ],
              [
                98.6851,
                17.6635
              ],
              [
                98.6852,
                17.6614
              ],
              [
                98.6906,
                17.6543
              ],
              [
                98.6865,
                17.649
              ],
              [
                98.686,
                17.6427
              ],
              [
                98.6933,
                17.6292
              ],
              [
                98.6899,
                17.6238
              ],
              [
                98.6911,
                17.6128
              ],
              [
                98.6847,
                17.6012
              ],
              [
                98.6836,
                17.5955
              ],
              [
                98.6869,
                17.5903
              ],
              [
                98.6945,
                17.5855
              ],
              [
                98.6975,
                17.5709
              ],
              [
                98.7034,
                17.554
              ],
              [
                98.7049,
                17.5405
              ],
              [
                98.7025,
                17.5325
              ],
              [
                98.703,
                17.5237
              ],
              [
                98.6978,
                17.513
              ],
              [
                98.7014,
                17.5048
              ],
              [
                98.707,
                17.5
              ],
              [
                98.7048,
                17.4917
              ],
              [
                98.7061,
                17.4841
              ],
              [
                98.7014,
                17.4773
              ],
              [
                98.6942,
                17.4755
              ],
              [
                98.6894,
                17.4718
              ],
              [
                98.6839,
                17.4597
              ],
              [
                98.6846,
                17.4522
              ],
              [
                98.6824,
                17.4451
              ],
              [
                98.6896,
                17.4374
              ],
              [
                98.692,
                17.4308
              ],
              [
                98.6916,
                17.423
              ],
              [
                98.6932,
                17.4231
              ],
              [
                98.6962,
                17.4294
              ],
              [
                98.7015,
                17.4336
              ],
              [
                98.7042,
                17.4456
              ],
              [
                98.7085,
                17.4486
              ],
              [
                98.7099,
                17.4517
              ],
              [
                98.7148,
                17.4519
              ],
              [
                98.7186,
                17.4629
              ],
              [
                98.7351,
                17.4632
              ],
              [
                98.7425,
                17.4667
              ],
              [
                98.748,
                17.4658
              ],
              [
                98.7516,
                17.467
              ],
              [
                98.7559,
                17.4708
              ],
              [
                98.7568,
                17.4744
              ],
              [
                98.7616,
                17.4809
              ],
              [
                98.7788,
                17.4883
              ],
              [
                98.7823,
                17.4926
              ],
              [
                98.7919,
                17.494
              ],
              [
                98.7978,
                17.4984
              ],
              [
                98.817,
                17.4988
              ],
              [
                98.8169,
                17.5056
              ],
              [
                98.8236,
                17.5106
              ],
              [
                98.8318,
                17.5135
              ],
              [
                98.8349,
                17.5102
              ],
              [
                98.8422,
                17.5136
              ],
              [
                98.8463,
                17.5116
              ],
              [
                98.8597,
                17.5101
              ],
              [
                98.8717,
                17.4999
              ],
              [
                98.8729,
                17.4912
              ],
              [
                98.8814,
                17.49
              ],
              [
                98.8804,
                17.4963
              ],
              [
                98.8827,
                17.4999
              ],
              [
                98.8839,
                17.509
              ],
              [
                98.89,
                17.5115
              ],
              [
                98.89,
                17.5156
              ],
              [
                98.8952,
                17.5189
              ],
              [
                98.8979,
                17.527
              ],
              [
                98.9121,
                17.5344
              ],
              [
                98.9148,
                17.5311
              ],
              [
                98.9242,
                17.5272
              ],
              [
                98.9276,
                17.5212
              ],
              [
                98.9234,
                17.5117
              ],
              [
                98.9291,
                17.5049
              ],
              [
                98.928,
                17.4981
              ],
              [
                98.9311,
                17.4941
              ],
              [
                98.928,
                17.4901
              ],
              [
                98.9308,
                17.4839
              ],
              [
                98.934,
                17.4822
              ],
              [
                98.9331,
                17.4729
              ],
              [
                98.9384,
                17.4731
              ],
              [
                98.9385,
                17.4695
              ],
              [
                98.9471,
                17.4672
              ],
              [
                98.9573,
                17.4729
              ],
              [
                98.9587,
                17.4635
              ],
              [
                98.9607,
                17.4613
              ],
              [
                98.9638,
                17.4651
              ],
              [
                98.9753,
                17.4633
              ],
              [
                98.9813,
                17.4657
              ],
              [
                98.9877,
                17.4587
              ],
              [
                98.9883,
                17.4542
              ],
              [
                98.9938,
                17.451
              ],
              [
                98.9936,
                17.4458
              ],
              [
                99.0002,
                17.4411
              ],
              [
                99.0014,
                17.4373
              ],
              [
                99.0063,
                17.4336
              ],
              [
                99.0079,
                17.427
              ],
              [
                99.011,
                17.4256
              ],
              [
                99.0118,
                17.4228
              ],
              [
                99.0149,
                17.4205
              ],
              [
                99.0132,
                17.4126
              ],
              [
                99.018,
                17.4126
              ],
              [
                99.0178,
                17.4112
              ],
              [
                99.0207,
                17.4095
              ],
              [
                99.0339,
                17.4085
              ],
              [
                99.0361,
                17.4001
              ],
              [
                99.0444,
                17.3935
              ],
              [
                99.0426,
                17.3889
              ],
              [
                99.0492,
                17.3839
              ],
              [
                99.0548,
                17.3867
              ],
              [
                99.0587,
                17.386
              ],
              [
                99.0663,
                17.3812
              ],
              [
                99.0673,
                17.3763
              ],
              [
                99.0775,
                17.3708
              ],
              [
                99.087,
                17.3752
              ],
              [
                99.0891,
                17.3748
              ],
              [
                99.106,
                17.3623
              ],
              [
                99.1102,
                17.3568
              ],
              [
                99.1127,
                17.3577
              ],
              [
                99.1143,
                17.3605
              ],
              [
                99.1147,
                17.3689
              ],
              [
                99.1177,
                17.3688
              ],
              [
                99.1175,
                17.3665
              ],
              [
                99.1231,
                17.3632
              ],
              [
                99.1292,
                17.3637
              ],
              [
                99.1337,
                17.3604
              ],
              [
                99.1429,
                17.3589
              ],
              [
                99.1503,
                17.3496
              ],
              [
                99.1532,
                17.341
              ],
              [
                99.1562,
                17.3377
              ],
              [
                99.1548,
                17.3378
              ],
              [
                99.1549,
                17.336
              ],
              [
                99.1664,
                17.3364
              ],
              [
                99.1722,
                17.3344
              ],
              [
                99.1751,
                17.3356
              ],
              [
                99.1778,
                17.3467
              ],
              [
                99.1897,
                17.3509
              ],
              [
                99.1924,
                17.3553
              ],
              [
                99.1973,
                17.3574
              ],
              [
                99.1998,
                17.3633
              ],
              [
                99.2089,
                17.3687
              ],
              [
                99.2105,
                17.3714
              ],
              [
                99.2076,
                17.3797
              ],
              [
                99.2141,
                17.3901
              ],
              [
                99.2283,
                17.4041
              ],
              [
                99.2385,
                17.401
              ],
              [
                99.2434,
                17.4038
              ],
              [
                99.2608,
                17.4039
              ],
              [
                99.2714,
                17.3989
              ],
              [
                99.2765,
                17.3801
              ],
              [
                99.2736,
                17.3725
              ],
              [
                99.2716,
                17.3547
              ],
              [
                99.2728,
                17.3467
              ],
              [
                99.275,
                17.3441
              ],
              [
                99.279,
                17.3434
              ],
              [
                99.2793,
                17.3358
              ],
              [
                99.2776,
                17.3296
              ],
              [
                99.2866,
                17.3176
              ],
              [
                99.2876,
                17.3107
              ],
              [
                99.2945,
                17.3064
              ],
              [
                99.2979,
                17.3013
              ],
              [
                99.2979,
                17.2961
              ],
              [
                99.301,
                17.2923
              ],
              [
                99.2984,
                17.2911
              ],
              [
                99.2984,
                17.2891
              ],
              [
                99.3042,
                17.2717
              ],
              [
                99.3107,
                17.2684
              ],
              [
                99.3158,
                17.2684
              ],
              [
                99.3159,
                17.2645
              ],
              [
                99.3192,
                17.26
              ],
              [
                99.322,
                17.2414
              ],
              [
                99.3201,
                17.2319
              ],
              [
                99.3211,
                17.2241
              ],
              [
                99.315,
                17.2146
              ],
              [
                99.3208,
                17.2065
              ],
              [
                99.3172,
                17.2025
              ],
              [
                99.3154,
                17.1872
              ],
              [
                99.3112,
                17.1848
              ],
              [
                99.3142,
                17.1723
              ],
              [
                99.3193,
                17.162
              ],
              [
                99.3188,
                17.1487
              ],
              [
                99.3152,
                17.1421
              ],
              [
                99.3155,
                17.1399
              ],
              [
                99.3188,
                17.1371
              ],
              [
                99.327,
                17.1362
              ],
              [
                99.3311,
                17.1336
              ],
              [
                99.3222,
                17.1243
              ],
              [
                99.3212,
                17.1158
              ],
              [
                99.3223,
                17.1091
              ],
              [
                99.3305,
                17.1019
              ],
              [
                99.3328,
                17.0966
              ],
              [
                99.3406,
                17.0895
              ],
              [
                99.3519,
                17.0917
              ],
              [
                99.3569,
                17.0913
              ],
              [
                99.362,
                17.0883
              ],
              [
                99.3662,
                17.0896
              ],
              [
                99.3689,
                17.0937
              ],
              [
                99.3711,
                17.0937
              ],
              [
                99.372,
                17.092
              ],
              [
                99.3784,
                17.0903
              ],
              [
                99.3836,
                17.0865
              ],
              [
                99.3875,
                17.0799
              ],
              [
                99.3943,
                17.0804
              ],
              [
                99.3935,
                17.0728
              ],
              [
                99.3921,
                17.073
              ],
              [
                99.3879,
                17.0675
              ],
              [
                99.3878,
                17.0597
              ],
              [
                99.3911,
                17.055
              ],
              [
                99.3923,
                17.0463
              ],
              [
                99.394,
                17.0451
              ],
              [
                99.3925,
                17.0338
              ],
              [
                99.3958,
                17.0255
              ],
              [
                99.3952,
                17.0232
              ],
              [
                99.3985,
                17.0201
              ],
              [
                99.4063,
                17.0198
              ],
              [
                99.414,
                17.016
              ],
              [
                99.4211,
                17.0165
              ],
              [
                99.4253,
                17.0139
              ],
              [
                99.4248,
                17.0103
              ],
              [
                99.4335,
                17.0092
              ],
              [
                99.43,
                16.9997
              ],
              [
                99.4177,
                16.9869
              ],
              [
                99.4168,
                16.9822
              ],
              [
                99.4127,
                16.979
              ],
              [
                99.4132,
                16.9724
              ],
              [
                99.4182,
                16.967
              ],
              [
                99.4209,
                16.9553
              ],
              [
                99.42,
                16.9531
              ],
              [
                99.4149,
                16.9519
              ],
              [
                99.4132,
                16.9499
              ],
              [
                99.415,
                16.9396
              ],
              [
                99.4187,
                16.9327
              ],
              [
                99.4341,
                16.9279
              ],
              [
                99.4372,
                16.9165
              ],
              [
                99.4412,
                16.9115
              ],
              [
                99.4458,
                16.9098
              ],
              [
                99.4463,
                16.907
              ],
              [
                99.4405,
                16.9021
              ],
              [
                99.4358,
                16.8908
              ],
              [
                99.4304,
                16.8883
              ],
              [
                99.4273,
                16.8834
              ],
              [
                99.4272,
                16.8791
              ],
              [
                99.4222,
                16.8757
              ],
              [
                99.4033,
                16.8691
              ],
              [
                99.3906,
                16.8686
              ],
              [
                99.3835,
                16.8651
              ],
              [
                99.38,
                16.8591
              ],
              [
                99.3802,
                16.8515
              ],
              [
                99.3761,
                16.8428
              ],
              [
                99.3838,
                16.8336
              ],
              [
                99.3879,
                16.8247
              ],
              [
                99.3841,
                16.8209
              ],
              [
                99.3888,
                16.813
              ],
              [
                99.3881,
                16.8093
              ],
              [
                99.3858,
                16.8071
              ],
              [
                99.3754,
                16.8019
              ],
              [
                99.3711,
                16.8018
              ],
              [
                99.3495,
                16.8085
              ],
              [
                99.3447,
                16.8116
              ],
              [
                99.3249,
                16.8116
              ],
              [
                99.3231,
                16.8103
              ],
              [
                99.3164,
                16.7932
              ],
              [
                99.3022,
                16.7906
              ],
              [
                99.2937,
                16.7839
              ],
              [
                99.2922,
                16.7785
              ],
              [
                99.2961,
                16.7711
              ],
              [
                99.3061,
                16.7654
              ],
              [
                99.3041,
                16.7544
              ],
              [
                99.3022,
                16.752
              ],
              [
                99.3043,
                16.7375
              ],
              [
                99.2975,
                16.7299
              ],
              [
                99.2979,
                16.7248
              ],
              [
                99.2956,
                16.722
              ],
              [
                99.2957,
                16.7177
              ],
              [
                99.2868,
                16.7135
              ],
              [
                99.283,
                16.7078
              ],
              [
                99.28,
                16.6973
              ],
              [
                99.283,
                16.6878
              ],
              [
                99.2777,
                16.6839
              ],
              [
                99.2735,
                16.683
              ],
              [
                99.2729,
                16.6805
              ],
              [
                99.275,
                16.6758
              ],
              [
                99.2727,
                16.6686
              ],
              [
                99.2662,
                16.6681
              ],
              [
                99.2595,
                16.664
              ],
              [
                99.2515,
                16.6635
              ],
              [
                99.247,
                16.6614
              ],
              [
                99.2491,
                16.6542
              ],
              [
                99.2471,
                16.652
              ],
              [
                99.2477,
                16.6436
              ],
              [
                99.2448,
                16.6302
              ],
              [
                99.2462,
                16.6283
              ],
              [
                99.2455,
                16.6216
              ],
              [
                99.2482,
                16.6107
              ],
              [
                99.2521,
                16.6072
              ],
              [
                99.2525,
                16.6045
              ],
              [
                99.2502,
                16.6029
              ],
              [
                99.254,
                16.599
              ],
              [
                99.2509,
                16.5886
              ],
              [
                99.2548,
                16.5806
              ],
              [
                99.257,
                16.5804
              ],
              [
                99.2573,
                16.5657
              ],
              [
                99.255,
                16.5606
              ],
              [
                99.2497,
                16.557
              ],
              [
                99.2475,
                16.5533
              ],
              [
                99.2485,
                16.5475
              ],
              [
                99.2419,
                16.5363
              ],
              [
                99.2415,
                16.5321
              ],
              [
                99.2397,
                16.531
              ],
              [
                99.2262,
                16.5311
              ],
              [
                99.2202,
                16.525
              ],
              [
                99.2189,
                16.5276
              ],
              [
                99.2132,
                16.5291
              ],
              [
                99.2055,
                16.5308
              ],
              [
                99.2004,
                16.5299
              ],
              [
                99.1978,
                16.5355
              ],
              [
                99.1917,
                16.5373
              ],
              [
                99.1905,
                16.5328
              ],
              [
                99.1919,
                16.529
              ],
              [
                99.1812,
                16.5308
              ],
              [
                99.1796,
                16.5299
              ],
              [
                99.1809,
                16.5249
              ],
              [
                99.1763,
                16.5238
              ],
              [
                99.1717,
                16.5199
              ],
              [
                99.1688,
                16.5095
              ],
              [
                99.1741,
                16.5104
              ],
              [
                99.1751,
                16.5089
              ],
              [
                99.1651,
                16.5012
              ],
              [
                99.1628,
                16.5052
              ],
              [
                99.1594,
                16.5017
              ],
              [
                99.1567,
                16.5023
              ],
              [
                99.1549,
                16.4985
              ],
              [
                99.1517,
                16.5016
              ],
              [
                99.1476,
                16.4982
              ],
              [
                99.1415,
                16.499
              ],
              [
                99.1383,
                16.492
              ],
              [
                99.1354,
                16.4926
              ],
              [
                99.1352,
                16.4889
              ],
              [
                99.1302,
                16.4881
              ],
              [
                99.1313,
                16.4863
              ],
              [
                99.1273,
                16.4848
              ],
              [
                99.1285,
                16.4822
              ],
              [
                99.1244,
                16.4777
              ],
              [
                99.1241,
                16.4735
              ],
              [
                99.1203,
                16.4751
              ],
              [
                99.1223,
                16.4773
              ],
              [
                99.1185,
                16.4767
              ],
              [
                99.1138,
                16.4782
              ],
              [
                99.112,
                16.4767
              ],
              [
                99.1086,
                16.4798
              ],
              [
                99.1062,
                16.4755
              ],
              [
                99.1005,
                16.4761
              ],
              [
                99.1,
                16.4721
              ],
              [
                99.0975,
                16.4744
              ],
              [
                99.0943,
                16.474
              ],
              [
                99.0925,
                16.4721
              ],
              [
                99.0858,
                16.4703
              ],
              [
                99.0807,
                16.4715
              ],
              [
                99.0804,
                16.4738
              ],
              [
                99.0741,
                16.4788
              ],
              [
                99.0573,
                16.4801
              ],
              [
                99.0416,
                16.4775
              ],
              [
                99.0381,
                16.476
              ],
              [
                99.0357,
                16.4728
              ],
              [
                99.0346,
                16.4763
              ],
              [
                99.0301,
                16.4724
              ],
              [
                99.0289,
                16.474
              ],
              [
                99.0202,
                16.475
              ],
              [
                99.0212,
                16.4772
              ],
              [
                99.0152,
                16.4812
              ],
              [
                99.0121,
                16.4892
              ],
              [
                99.0029,
                16.4979
              ],
              [
                98.992,
                16.4935
              ],
              [
                98.9873,
                16.4879
              ],
              [
                98.9878,
                16.4715
              ],
              [
                98.994,
                16.4623
              ],
              [
                98.9962,
                16.4525
              ],
              [
                99.0004,
                16.4498
              ],
              [
                99.0073,
                16.4495
              ],
              [
                99.0092,
                16.4461
              ],
              [
                99.0132,
                16.4476
              ],
              [
                99.0173,
                16.4424
              ],
              [
                99.0182,
                16.4375
              ],
              [
                99.0239,
                16.4269
              ],
              [
                99.0241,
                16.4204
              ],
              [
                99.0207,
                16.4171
              ],
              [
                99.0198,
                16.4097
              ],
              [
                99.0208,
                16.3963
              ],
              [
                99.0173,
                16.385
              ],
              [
                99.0228,
                16.3808
              ],
              [
                99.0325,
                16.3835
              ],
              [
                99.0364,
                16.3828
              ],
              [
                99.0424,
                16.3732
              ],
              [
                99.0424,
                16.357
              ],
              [
                99.0434,
                16.3533
              ],
              [
                99.0455,
                16.3524
              ],
              [
                99.0434,
                16.3478
              ],
              [
                99.0429,
                16.3383
              ],
              [
                99.0516,
                16.333
              ],
              [
                99.0534,
                16.3272
              ],
              [
                99.0534,
                16.3196
              ],
              [
                99.0511,
                16.314
              ],
              [
                99.054,
                16.3078
              ],
              [
                99.0498,
                16.3013
              ],
              [
                99.0452,
                16.2978
              ],
              [
                99.0427,
                16.2904
              ],
              [
                99.0466,
                16.2801
              ],
              [
                99.0461,
                16.275
              ],
              [
                99.0491,
                16.2675
              ],
              [
                99.0505,
                16.2562
              ],
              [
                99.0544,
                16.253
              ],
              [
                99.0558,
                16.2454
              ],
              [
                99.0654,
                16.2389
              ],
              [
                99.0667,
                16.2339
              ],
              [
                99.0713,
                16.2298
              ],
              [
                99.0755,
                16.2212
              ],
              [
                99.0802,
                16.2172
              ],
              [
                99.0838,
                16.2112
              ],
              [
                99.0819,
                16.2011
              ],
              [
                99.0744,
                16.1948
              ],
              [
                99.0744,
                16.1883
              ],
              [
                99.0711,
                16.1792
              ],
              [
                99.0685,
                16.1639
              ],
              [
                99.0592,
                16.1618
              ],
              [
                99.0575,
                16.1631
              ],
              [
                99.0513,
                16.1582
              ],
              [
                99.0526,
                16.1546
              ],
              [
                99.05,
                16.1432
              ],
              [
                99.0519,
                16.1398
              ],
              [
                99.0512,
                16.1353
              ],
              [
                99.0534,
                16.1331
              ],
              [
                99.0607,
                16.1313
              ],
              [
                99.0688,
                16.1313
              ],
              [
                99.0798,
                16.1246
              ],
              [
                99.0823,
                16.1218
              ],
              [
                99.0845,
                16.1135
              ],
              [
                99.09,
                16.1117
              ],
              [
                99.0945,
                16.1019
              ],
              [
                99.1069,
                16.1006
              ],
              [
                99.1089,
                16.0987
              ],
              [
                99.1096,
                16.0929
              ],
              [
                99.1073,
                16.0859
              ],
              [
                99.1098,
                16.0816
              ],
              [
                99.1143,
                16.0792
              ],
              [
                99.1174,
                16.0721
              ],
              [
                99.114,
                16.0635
              ],
              [
                99.1151,
                16.0588
              ],
              [
                99.1061,
                16.0486
              ],
              [
                99.0877,
                16.0411
              ],
              [
                99.088,
                16.032
              ],
              [
                99.0845,
                16.0251
              ],
              [
                99.0825,
                16.0054
              ],
              [
                99.0876,
                15.994
              ],
              [
                99.0878,
                15.9851
              ],
              [
                99.0898,
                15.9794
              ],
              [
                99.0864,
                15.9702
              ],
              [
                99.0829,
                15.9681
              ],
              [
                99.0817,
                15.9645
              ],
              [
                99.0754,
                15.9588
              ],
              [
                99.0762,
                15.9509
              ],
              [
                99.0828,
                15.9468
              ],
              [
                99.0874,
                15.9466
              ],
              [
                99.0901,
                15.9426
              ],
              [
                99.092,
                15.9351
              ],
              [
                99.0957,
                15.9333
              ],
              [
                99.098,
                15.9293
              ],
              [
                99.097,
                15.9238
              ],
              [
                99.0885,
                15.914
              ],
              [
                99.0863,
                15.9076
              ],
              [
                99.0881,
                15.9042
              ],
              [
                99.0868,
                15.8988
              ],
              [
                99.0894,
                15.8942
              ],
              [
                99.0888,
                15.8848
              ],
              [
                99.0863,
                15.8835
              ],
              [
                99.089,
                15.8776
              ],
              [
                99.0959,
                15.8728
              ],
              [
                99.0973,
                15.8698
              ],
              [
                99.0941,
                15.8594
              ],
              [
                99.0951,
                15.8558
              ],
              [
                99.0987,
                15.8523
              ],
              [
                99.0954,
                15.8354
              ],
              [
                99.0981,
                15.8293
              ],
              [
                99.104,
                15.8259
              ],
              [
                99.1036,
                15.8203
              ],
              [
                99.1083,
                15.8174
              ],
              [
                99.113,
                15.8177
              ],
              [
                99.124,
                15.8132
              ],
              [
                99.1318,
                15.8053
              ],
              [
                99.1347,
                15.7994
              ],
              [
                99.1366,
                15.7925
              ],
              [
                99.1359,
                15.7864
              ],
              [
                99.1286,
                15.7721
              ],
              [
                99.1285,
                15.7651
              ],
              [
                99.1322,
                15.7492
              ],
              [
                99.1356,
                15.7431
              ],
              [
                99.1361,
                15.7366
              ],
              [
                99.1395,
                15.7329
              ],
              [
                99.1385,
                15.7285
              ],
              [
                99.1357,
                15.7283
              ],
              [
                99.1315,
                15.7231
              ],
              [
                99.1313,
                15.7169
              ],
              [
                99.1285,
                15.7114
              ],
              [
                99.1314,
                15.7051
              ],
              [
                99.1275,
                15.6985
              ],
              [
                99.1251,
                15.6975
              ],
              [
                99.1273,
                15.695
              ],
              [
                99.1265,
                15.6929
              ],
              [
                99.1192,
                15.6833
              ],
              [
                99.1174,
                15.6744
              ],
              [
                99.1148,
                15.6728
              ],
              [
                99.1144,
                15.6674
              ],
              [
                99.1123,
                15.6663
              ],
              [
                99.1168,
                15.6619
              ],
              [
                99.113,
                15.6474
              ],
              [
                99.118,
                15.6444
              ],
              [
                99.1166,
                15.6346
              ],
              [
                99.1144,
                15.6278
              ],
              [
                99.11,
                15.6224
              ],
              [
                99.1081,
                15.6151
              ],
              [
                99.0983,
                15.6103
              ],
              [
                99.096,
                15.5969
              ],
              [
                99.0934,
                15.5942
              ],
              [
                99.0926,
                15.5901
              ],
              [
                99.0952,
                15.5809
              ],
              [
                99.0856,
                15.5782
              ],
              [
                99.0672,
                15.5667
              ],
              [
                99.0621,
                15.5667
              ],
              [
                99.0525,
                15.5622
              ],
              [
                99.0494,
                15.5549
              ],
              [
                99.0522,
                15.5439
              ],
              [
                99.0557,
                15.5384
              ],
              [
                99.0552,
                15.5294
              ],
              [
                99.0573,
                15.5226
              ],
              [
                99.0749,
                15.5094
              ],
              [
                99.0798,
                15.496
              ],
              [
                99.0752,
                15.4843
              ],
              [
                99.0653,
                15.4727
              ],
              [
                99.064,
                15.4676
              ],
              [
                99.0661,
                15.4618
              ],
              [
                99.0593,
                15.4584
              ],
              [
                99.0594,
                15.4458
              ],
              [
                99.0565,
                15.4423
              ],
              [
                99.063,
                15.4353
              ],
              [
                99.0652,
                15.4249
              ],
              [
                99.0642,
                15.4222
              ],
              [
                99.0681,
                15.4197
              ],
              [
                99.069,
                15.4173
              ],
              [
                99.0678,
                15.4007
              ],
              [
                99.0697,
                15.3945
              ],
              [
                99.0687,
                15.3925
              ],
              [
                99.0646,
                15.3914
              ],
              [
                99.0599,
                15.3939
              ],
              [
                99.0557,
                15.3808
              ],
              [
                99.0506,
                15.3807
              ],
              [
                99.0462,
                15.3742
              ],
              [
                99.0457,
                15.3673
              ],
              [
                99.0477,
                15.3628
              ],
              [
                99.046,
                15.3603
              ],
              [
                99.0472,
                15.3576
              ],
              [
                99.0443,
                15.3509
              ],
              [
                99.044,
                15.3441
              ],
              [
                99.0409,
                15.3438
              ],
              [
                99.0344,
                15.3395
              ],
              [
                99.0317,
                15.3352
              ],
              [
                99.0331,
                15.3293
              ],
              [
                99.0313,
                15.3264
              ],
              [
                99.0334,
                15.3159
              ],
              [
                99.0316,
                15.31
              ],
              [
                99.0317,
                15.3018
              ],
              [
                99.0327,
                15.2977
              ],
              [
                99.0385,
                15.2965
              ],
              [
                99.0393,
                15.2887
              ],
              [
                99.0388,
                15.2862
              ],
              [
                99.0295,
                15.2821
              ],
              [
                99.0254,
                15.2778
              ],
              [
                99.0217,
                15.2681
              ],
              [
                99.0169,
                15.2629
              ],
              [
                99.0203,
                15.2585
              ],
              [
                99.0186,
                15.256
              ],
              [
                99.0211,
                15.2523
              ],
              [
                99.0198,
                15.2445
              ],
              [
                99.0126,
                15.2428
              ],
              [
                99.0068,
                15.2379
              ],
              [
                99.0096,
                15.2301
              ],
              [
                99.0075,
                15.228
              ],
              [
                99.0075,
                15.2228
              ],
              [
                99.0057,
                15.219
              ],
              [
                99.0064,
                15.2131
              ],
              [
                99.0087,
                15.2112
              ],
              [
                99.0096,
                15.2066
              ],
              [
                99.0059,
                15.2014
              ],
              [
                99.0061,
                15.1975
              ],
              [
                99.003,
                15.1908
              ],
              [
                99.002,
                15.1855
              ],
              [
                99.0033,
                15.1833
              ],
              [
                98.9951,
                15.1824
              ],
              [
                98.99,
                15.1857
              ],
              [
                98.9841,
                15.1799
              ],
              [
                98.9733,
                15.1892
              ],
              [
                98.9714,
                15.1919
              ],
              [
                98.9722,
                15.1964
              ],
              [
                98.9648,
                15.2058
              ],
              [
                98.9642,
                15.2198
              ],
              [
                98.9573,
                15.2371
              ],
              [
                98.9568,
                15.2457
              ],
              [
                98.9434,
                15.2508
              ],
              [
                98.9288,
                15.2474
              ],
              [
                98.9249,
                15.2451
              ],
              [
                98.9206,
                15.2483
              ],
              [
                98.9196,
                15.2536
              ],
              [
                98.916,
                15.2554
              ],
              [
                98.9139,
                15.266
              ],
              [
                98.8997,
                15.2721
              ],
              [
                98.887,
                15.2742
              ],
              [
                98.8914,
                15.2837
              ],
              [
                98.8914,
                15.2906
              ],
              [
                98.8716,
                15.3234
              ],
              [
                98.8675,
                15.328
              ],
              [
                98.8608,
                15.3314
              ],
              [
                98.8418,
                15.3465
              ],
              [
                98.8344,
                15.3444
              ],
              [
                98.8142,
                15.3754
              ],
              [
                98.8067,
                15.3818
              ],
              [
                98.8031,
                15.3892
              ],
              [
                98.784,
                15.4082
              ],
              [
                98.7811,
                15.419
              ],
              [
                98.7775,
                15.4239
              ],
              [
                98.7698,
                15.4317
              ],
              [
                98.7639,
                15.4341
              ],
              [
                98.7636,
                15.4368
              ],
              [
                98.755,
                15.4407
              ],
              [
                98.7601,
                15.451
              ],
              [
                98.7565,
                15.4559
              ],
              [
                98.7563,
                15.4595
              ],
              [
                98.7601,
                15.4687
              ],
              [
                98.7584,
                15.4723
              ],
              [
                98.7465,
                15.4812
              ],
              [
                98.7414,
                15.4778
              ],
              [
                98.7376,
                15.4788
              ],
              [
                98.7282,
                15.4883
              ],
              [
                98.7227,
                15.4895
              ],
              [
                98.7052,
                15.4981
              ],
              [
                98.7023,
                15.5031
              ],
              [
                98.7051,
                15.5085
              ],
              [
                98.7137,
                15.5035
              ],
              [
                98.7178,
                15.5049
              ],
              [
                98.7207,
                15.5063
              ],
              [
                98.7191,
                15.5119
              ],
              [
                98.7251,
                15.5163
              ],
              [
                98.7108,
                15.5299
              ],
              [
                98.699,
                15.5509
              ],
              [
                98.673,
                15.5832
              ],
              [
                98.6692,
                15.5932
              ],
              [
                98.6627,
                15.5974
              ],
              [
                98.6588,
                15.6078
              ],
              [
                98.6557,
                15.6111
              ],
              [
                98.6548,
                15.6216
              ],
              [
                98.6496,
                15.6319
              ],
              [
                98.6433,
                15.6366
              ],
              [
                98.6319,
                15.6259
              ],
              [
                98.6264,
                15.6253
              ],
              [
                98.6209,
                15.6393
              ],
              [
                98.6133,
                15.6431
              ],
              [
                98.6092,
                15.6401
              ],
              [
                98.5999,
                15.6438
              ],
              [
                98.5907,
                15.6444
              ],
              [
                98.5851,
                15.6589
              ],
              [
                98.5788,
                15.6595
              ],
              [
                98.5719,
                15.6535
              ],
              [
                98.56,
                15.6504
              ],
              [
                98.557,
                15.6573
              ]
            ]
          ]
        ]
      }
    },
    {
      "type": "Feature",
      "properties": {
        "prov_id": "PHITSANULOK",
        "name_th": "พิษณุโลก",
        "name_en": "Phitsanulok",
        "geom_source": "GADM4.1"
      },
      "geometry": {
        "type": "MultiPolygon",
        "coordinates": [
          [
            [
              [
                100.2676,
                16.5361
              ],
              [
                100.2626,
                16.5352
              ],
              [
                100.2572,
                16.5291
              ],
              [
                100.2394,
                16.5267
              ],
              [
                100.2348,
                16.5293
              ],
              [
                100.2322,
                16.5668
              ],
              [
                100.2352,
                16.592
              ],
              [
                100.2339,
                16.621
              ],
              [
                100.232,
                16.6249
              ],
              [
                100.2192,
                16.636
              ],
              [
                100.2178,
                16.6457
              ],
              [
                100.2136,
                16.6431
              ],
              [
                100.2063,
                16.6439
              ],
              [
                100.2051,
                16.6407
              ],
              [
                100.2021,
                16.6417
              ],
              [
                100.1971,
                16.6325
              ],
              [
                100.192,
                16.6314
              ],
              [
                100.1937,
                16.625
              ],
              [
                100.2049,
                16.6229
              ],
              [
                100.2027,
                16.6197
              ],
              [
                100.2026,
                16.6162
              ],
              [
                100.1968,
                16.6181
              ],
              [
                100.1959,
                16.6118
              ],
              [
                100.2,
                16.6092
              ],
              [
                100.1931,
                16.6048
              ],
              [
                100.192,
                16.6016
              ],
              [
                100.1858,
                16.6044
              ],
              [
                100.1821,
                16.6016
              ],
              [
                100.1574,
                16.5918
              ],
              [
                100.1399,
                16.5982
              ],
              [
                100.1385,
                16.6017
              ],
              [
                100.1345,
                16.6024
              ],
              [
                100.1339,
                16.6052
              ],
              [
                100.1317,
                16.6063
              ],
              [
                100.1183,
                16.6066
              ],
              [
                100.1161,
                16.5993
              ],
              [
                100.1092,
                16.5993
              ],
              [
                100.0994,
                16.6036
              ],
              [
                100.0961,
                16.5967
              ],
              [
                100.0871,
                16.596
              ],
              [
                100.0905,
                16.5861
              ],
              [
                100.0848,
                16.5823
              ],
              [
                100.0832,
                16.5776
              ],
              [
                100.0745,
                16.5756
              ],
              [
                100.0726,
                16.5773
              ],
              [
                100.0685,
                16.5746
              ],
              [
                100.0623,
                16.5751
              ],
              [
                100.0584,
                16.5717
              ],
              [
                100.056,
                16.573
              ],
              [
                100.0547,
                16.5713
              ],
              [
                100.0493,
                16.571
              ],
              [
                100.0361,
                16.5817
              ],
              [
                100.0308,
                16.5788
              ],
              [
                100.0247,
                16.5795
              ],
              [
                100.0244,
                16.5773
              ],
              [
                100.0207,
                16.5748
              ],
              [
                100.0209,
                16.5726
              ],
              [
                100.0163,
                16.5728
              ],
              [
                100.0148,
                16.5732
              ],
              [
                100.0175,
                16.5799
              ],
              [
                100.0113,
                16.5801
              ],
              [
                100.0081,
                16.5839
              ],
              [
                100.0065,
                16.5836
              ],
              [
                100.0035,
                16.5775
              ],
              [
                99.9969,
                16.5776
              ],
              [
                99.9951,
                16.5753
              ],
              [
                99.9881,
                16.5766
              ],
              [
                99.98,
                16.573
              ],
              [
                99.9613,
                16.5709
              ],
              [
                99.9538,
                16.5854
              ],
              [
                99.9504,
                16.5883
              ],
              [
                99.9145,
                16.6031
              ],
              [
                99.9118,
                16.6056
              ],
              [
                99.906,
                16.648
              ],
              [
                99.907,
                16.6664
              ],
              [
                99.9041,
                16.6698
              ],
              [
                99.9022,
                16.6847
              ],
              [
                99.8973,
                16.6949
              ],
              [
                99.898,
                16.7002
              ],
              [
                99.9021,
                16.7039
              ],
              [
                99.9001,
                16.7099
              ],
              [
                99.9007,
                16.7209
              ],
              [
                99.8977,
                16.7243
              ],
              [
                99.8611,
                16.726
              ],
              [
                99.8577,
                16.7349
              ],
              [
                99.866,
                16.7453
              ],
              [
                99.8696,
                16.7576
              ],
              [
                99.8747,
                16.765
              ],
              [
                99.8781,
                16.7665
              ],
              [
                99.8887,
                16.7659
              ],
              [
                99.8934,
                16.7609
              ],
              [
                99.908,
                16.7607
              ],
              [
                99.9245,
                16.764
              ],
              [
                99.923,
                16.7663
              ],
              [
                99.9238,
                16.7688
              ],
              [
                99.9214,
                16.7826
              ],
              [
                99.9157,
                16.7906
              ],
              [
                99.9121,
                16.8023
              ],
              [
                99.9368,
                16.8186
              ],
              [
                99.9429,
                16.8248
              ],
              [
                99.9461,
                16.8344
              ],
              [
                99.9503,
                16.841
              ],
              [
                99.9531,
                16.8573
              ],
              [
                99.9755,
                16.8602
              ],
              [
                99.9913,
                16.8664
              ],
              [
                99.9962,
                16.8656
              ],
              [
                100.0027,
                16.859
              ],
              [
                100.0029,
                16.8544
              ],
              [
                99.9986,
                16.8545
              ],
              [
                99.9995,
                16.8522
              ],
              [
                100.0058,
                16.85
              ],
              [
                100.0183,
                16.8521
              ],
              [
                100.0229,
                16.8606
              ],
              [
                100.0207,
                16.8634
              ],
              [
                100.0168,
                16.8624
              ],
              [
                100.017,
                16.8689
              ],
              [
                100.0091,
                16.866
              ],
              [
                100.0081,
                16.8694
              ],
              [
                100.0101,
                16.8732
              ],
              [
                100.0095,
                16.8889
              ],
              [
                100.0156,
                16.8914
              ],
              [
                100.0451,
                16.8936
              ],
              [
                100.0553,
                16.8878
              ],
              [
                100.0609,
                16.8877
              ],
              [
                100.0675,
                16.8848
              ],
              [
                100.0732,
                16.8878
              ],
              [
                100.0776,
                16.8933
              ],
              [
                100.0819,
                16.8893
              ],
              [
                100.0879,
                16.8901
              ],
              [
                100.0892,
                16.8929
              ],
              [
                100.0925,
                16.8948
              ],
              [
                100.0909,
                16.8975
              ],
              [
                100.0943,
                16.8975
              ],
              [
                100.0959,
                16.8948
              ],
              [
                100.1002,
                16.9004
              ],
              [
                100.0991,
                16.908
              ],
              [
                100.1026,
                16.9157
              ],
              [
                100.1059,
                16.9172
              ],
              [
                100.112,
                16.9163
              ],
              [
                100.1122,
                16.9205
              ],
              [
                100.108,
                16.9278
              ],
              [
                100.1096,
                16.9358
              ],
              [
                100.1128,
                16.9356
              ],
              [
                100.1088,
                16.9402
              ],
              [
                100.1104,
                16.942
              ],
              [
                100.1104,
                16.9456
              ],
              [
                100.1074,
                16.9559
              ],
              [
                100.1069,
                16.9669
              ],
              [
                100.1054,
                16.969
              ],
              [
                100.1009,
                16.9694
              ],
              [
                100.0995,
                16.9717
              ],
              [
                100.1025,
                16.9734
              ],
              [
                100.1089,
                16.9723
              ],
              [
                100.1096,
                16.9738
              ],
              [
                100.1079,
                16.9759
              ],
              [
                100.1016,
                16.976
              ],
              [
                100.1027,
                16.9817
              ],
              [
                100.0976,
                16.9837
              ],
              [
                100.0974,
                16.986
              ],
              [
                100.0949,
                16.9871
              ],
              [
                100.0959,
                16.9932
              ],
              [
                100.093,
                16.9932
              ],
              [
                100.0896,
                16.9891
              ],
              [
                100.0882,
                16.9928
              ],
              [
                100.0786,
                16.9932
              ],
              [
                100.0813,
                17.0011
              ],
              [
                100.0794,
                17.002
              ],
              [
                100.077,
                17.0002
              ],
              [
                100.0707,
                17.0096
              ],
              [
                100.0663,
                17.0118
              ],
              [
                100.06,
                17.0106
              ],
              [
                100.0568,
                17.0078
              ],
              [
                100.049,
                17.0099
              ],
              [
                100.0473,
                17.012
              ],
              [
                100.0448,
                17.012
              ],
              [
                100.0402,
                17.0199
              ],
              [
                100.0375,
                17.02
              ],
              [
                100.0365,
                17.0215
              ],
              [
                100.0332,
                17.021
              ],
              [
                100.0316,
                17.0241
              ],
              [
                100.0335,
                17.0257
              ],
              [
                100.0302,
                17.0282
              ],
              [
                100.023,
                17.0282
              ],
              [
                100.0213,
                17.0308
              ],
              [
                100.0177,
                17.031
              ],
              [
                100.0108,
                17.0405
              ],
              [
                100.0076,
                17.0491
              ],
              [
                100.0082,
                17.0541
              ],
              [
                99.9988,
                17.0568
              ],
              [
                99.9978,
                17.0692
              ],
              [
                99.9952,
                17.0779
              ],
              [
                99.9882,
                17.0772
              ],
              [
                99.9856,
                17.0813
              ],
              [
                99.9766,
                17.0755
              ],
              [
                99.973,
                17.0711
              ],
              [
                99.9668,
                17.0691
              ],
              [
                99.9644,
                17.07
              ],
              [
                99.9595,
                17.0772
              ],
              [
                99.9509,
                17.0787
              ],
              [
                99.9534,
                17.0906
              ],
              [
                99.9552,
                17.0929
              ],
              [
                99.9517,
                17.0991
              ],
              [
                99.9511,
                17.1127
              ],
              [
                99.9538,
                17.1155
              ],
              [
                99.9608,
                17.1172
              ],
              [
                99.962,
                17.1219
              ],
              [
                99.9645,
                17.1245
              ],
              [
                99.9625,
                17.1258
              ],
              [
                99.9634,
                17.1285
              ],
              [
                99.9612,
                17.1332
              ],
              [
                99.9618,
                17.1439
              ],
              [
                99.9583,
                17.1496
              ],
              [
                99.9585,
                17.1518
              ],
              [
                99.955,
                17.1539
              ],
              [
                99.9592,
                17.1546
              ],
              [
                99.9595,
                17.1566
              ],
              [
                99.9547,
                17.1654
              ],
              [
                99.9572,
                17.1683
              ],
              [
                99.9601,
                17.1681
              ],
              [
                99.9681,
                17.1665
              ],
              [
                99.9735,
                17.1632
              ],
              [
                99.9819,
                17.1726
              ],
              [
                99.9895,
                17.172
              ],
              [
                99.993,
                17.1738
              ],
              [
                99.9943,
                17.1792
              ],
              [
                99.9981,
                17.1853
              ],
              [
                100.0017,
                17.1847
              ],
              [
                100.0067,
                17.1786
              ],
              [
                100.0073,
                17.1736
              ],
              [
                100.0135,
                17.1727
              ],
              [
                100.0201,
                17.1694
              ],
              [
                100.024,
                17.1666
              ],
              [
                100.0238,
                17.1641
              ],
              [
                100.0318,
                17.1625
              ],
              [
                100.0347,
                17.1652
              ],
              [
                100.0339,
                17.1713
              ],
              [
                100.0385,
                17.1784
              ],
              [
                100.0459,
                17.177
              ],
              [
                100.0549,
                17.1806
              ],
              [
                100.074,
                17.1791
              ],
              [
                100.0816,
                17.1843
              ],
              [
                100.0906,
                17.1862
              ],
              [
                100.1075,
                17.1976
              ],
              [
                100.1414,
                17.204
              ],
              [
                100.1594,
                17.2102
              ],
              [
                100.1659,
                17.2052
              ],
              [
                100.1769,
                17.1889
              ],
              [
                100.1897,
                17.1914
              ],
              [
                100.2213,
                17.2172
              ],
              [
                100.2483,
                17.2349
              ],
              [
                100.2543,
                17.2426
              ],
              [
                100.2543,
                17.2498
              ],
              [
                100.2505,
                17.2543
              ],
              [
                100.2482,
                17.278
              ],
              [
                100.2444,
                17.2882
              ],
              [
                100.2389,
                17.3151
              ],
              [
                100.242,
                17.3347
              ],
              [
                100.2404,
                17.3429
              ],
              [
                100.2449,
                17.3503
              ],
              [
                100.2524,
                17.3532
              ],
              [
                100.257,
                17.3572
              ],
              [
                100.2643,
                17.3558
              ],
              [
                100.2705,
                17.3643
              ],
              [
                100.2804,
                17.3704
              ],
              [
                100.2899,
                17.3737
              ],
              [
                100.2991,
                17.3728
              ],
              [
                100.3055,
                17.3777
              ],
              [
                100.3162,
                17.3737
              ],
              [
                100.326,
                17.3673
              ],
              [
                100.3318,
                17.3762
              ],
              [
                100.3309,
                17.385
              ],
              [
                100.3401,
                17.3873
              ],
              [
                100.3448,
                17.3852
              ],
              [
                100.3501,
                17.39
              ],
              [
                100.3561,
                17.3837
              ],
              [
                100.3602,
                17.3841
              ],
              [
                100.3652,
                17.3873
              ],
              [
                100.369,
                17.387
              ],
              [
                100.3907,
                17.399
              ],
              [
                100.3923,
                17.4025
              ],
              [
                100.3998,
                17.401
              ],
              [
                100.423,
                17.4108
              ],
              [
                100.4285,
                17.4198
              ],
              [
                100.4322,
                17.4172
              ],
              [
                100.44,
                17.4171
              ],
              [
                100.4498,
                17.4221
              ],
              [
                100.4561,
                17.4165
              ],
              [
                100.4765,
                17.4186
              ],
              [
                100.4802,
                17.4161
              ],
              [
                100.4856,
                17.4164
              ],
              [
                100.4964,
                17.4208
              ],
              [
                100.5001,
                17.4263
              ],
              [
                100.5026,
                17.4268
              ],
              [
                100.5063,
                17.4212
              ],
              [
                100.5096,
                17.407
              ],
              [
                100.5158,
                17.4023
              ],
              [
                100.5185,
                17.4056
              ],
              [
                100.5171,
                17.4065
              ],
              [
                100.5179,
                17.4078
              ],
              [
                100.5234,
                17.4063
              ],
              [
                100.5236,
                17.4089
              ],
              [
                100.5258,
                17.4088
              ],
              [
                100.5284,
                17.4113
              ],
              [
                100.531,
                17.4108
              ],
              [
                100.5298,
                17.4141
              ],
              [
                100.5321,
                17.4154
              ],
              [
                100.5338,
                17.4128
              ],
              [
                100.5384,
                17.4132
              ],
              [
                100.54,
                17.4164
              ],
              [
                100.5427,
                17.4141
              ],
              [
                100.5525,
                17.413
              ],
              [
                100.5632,
                17.4154
              ],
              [
                100.5656,
                17.4181
              ],
              [
                100.5717,
                17.4204
              ],
              [
                100.5846,
                17.4188
              ],
              [
                100.5867,
                17.417
              ],
              [
                100.5995,
                17.4214
              ],
              [
                100.6051,
                17.4261
              ],
              [
                100.6038,
                17.4338
              ],
              [
                100.6048,
                17.4448
              ],
              [
                100.6093,
                17.4503
              ],
              [
                100.6102,
                17.4558
              ],
              [
                100.6155,
                17.4637
              ],
              [
                100.6193,
                17.4667
              ],
              [
                100.6235,
                17.4671
              ],
              [
                100.6295,
                17.472
              ],
              [
                100.6469,
                17.4721
              ],
              [
                100.6453,
                17.4805
              ],
              [
                100.6469,
                17.4823
              ],
              [
                100.6432,
                17.488
              ],
              [
                100.6443,
                17.492
              ],
              [
                100.6518,
                17.4917
              ],
              [
                100.6593,
                17.4969
              ],
              [
                100.6715,
                17.4993
              ],
              [
                100.6824,
                17.5096
              ],
              [
                100.6889,
                17.5193
              ],
              [
                100.7044,
                17.528
              ],
              [
                100.7355,
                17.5363
              ],
              [
                100.7402,
                17.5395
              ],
              [
                100.7465,
                17.5547
              ],
              [
                100.7586,
                17.5631
              ],
              [
                100.7612,
                17.5667
              ],
              [
                100.7668,
                17.5686
              ],
              [
                100.7684,
                17.5782
              ],
              [
                100.7758,
                17.5819
              ],
              [
                100.7757,
                17.5932
              ],
              [
                100.7777,
                17.5987
              ],
              [
                100.782,
                17.6037
              ],
              [
                100.7864,
                17.6043
              ],
              [
                100.7913,
                17.611
              ],
              [
                100.7926,
                17.6156
              ],
              [
                100.8035,
                17.6328
              ],
              [
                100.8039,
                17.6367
              ],
              [
                100.8078,
                17.6373
              ],
              [
                100.8126,
                17.6414
              ],
              [
                100.8382,
                17.6464
              ],
              [
                100.8459,
                17.6532
              ],
              [
                100.8478,
                17.6619
              ],
              [
                100.8515,
                17.6654
              ],
              [
                100.8546,
                17.6727
              ],
              [
                100.8543,
                17.6781
              ],
              [
                100.8566,
                17.6799
              ],
              [
                100.8617,
                17.6904
              ],
              [
                100.8677,
                17.6971
              ],
              [
                100.8695,
                17.7024
              ],
              [
                100.8764,
                17.7096
              ],
              [
                100.8911,
                17.7139
              ],
              [
                100.9063,
                17.7134
              ],
              [
                100.9108,
                17.6998
              ],
              [
                100.9166,
                17.6972
              ],
              [
                100.9234,
                17.6982
              ],
              [
                100.9264,
                17.6944
              ],
              [
                100.9419,
                17.6998
              ],
              [
                100.9477,
                17.698
              ],
              [
                100.9565,
                17.6986
              ],
              [
                100.9678,
                17.7034
              ],
              [
                100.9784,
                17.7138
              ],
              [
                100.9864,
                17.7289
              ],
              [
                100.9902,
                17.7416
              ],
              [
                100.9962,
                17.7344
              ],
              [
                101.0018,
                17.7324
              ],
              [
                101.0074,
                17.724
              ],
              [
                101.0047,
                17.7147
              ],
              [
                101.0066,
                17.7079
              ],
              [
                101.0048,
                17.7057
              ],
              [
                101.0066,
                17.7019
              ],
              [
                101.0014,
                17.6974
              ],
              [
                101.0108,
                17.6981
              ],
              [
                101.0018,
                17.6794
              ],
              [
                101.0001,
                17.6771
              ],
              [
                100.9964,
                17.6767
              ],
              [
                100.9967,
                17.6752
              ],
              [
                100.9936,
                17.6729
              ],
              [
                100.9933,
                17.6655
              ],
              [
                100.9919,
                17.6644
              ],
              [
                100.9924,
                17.6619
              ],
              [
                100.9949,
                17.6622
              ],
              [
                100.9915,
                17.66
              ],
              [
                100.9966,
                17.6587
              ],
              [
                100.9969,
                17.6557
              ],
              [
                100.9939,
                17.6525
              ],
              [
                100.9932,
                17.6473
              ],
              [
                100.9965,
                17.6403
              ],
              [
                100.9948,
                17.6382
              ],
              [
                100.9955,
                17.6291
              ],
              [
                100.9925,
                17.6208
              ],
              [
                100.9931,
                17.6175
              ],
              [
                100.989,
                17.6163
              ],
              [
                100.989,
                17.6097
              ],
              [
                100.9874,
                17.6093
              ],
              [
                100.9865,
                17.6066
              ],
              [
                100.9844,
                17.6068
              ],
              [
                100.9781,
                17.594
              ],
              [
                100.9707,
                17.592
              ],
              [
                100.969,
                17.5824
              ],
              [
                100.9586,
                17.5706
              ],
              [
                100.9568,
                17.5722
              ],
              [
                100.9509,
                17.5713
              ],
              [
                100.9494,
                17.5696
              ],
              [
                100.9481,
                17.5708
              ],
              [
                100.9425,
                17.5705
              ],
              [
                100.9405,
                17.5675
              ],
              [
                100.9346,
                17.5664
              ],
              [
                100.933,
                17.5695
              ],
              [
                100.9296,
                17.5678
              ],
              [
                100.9251,
                17.5714
              ],
              [
                100.9171,
                17.5744
              ],
              [
                100.9198,
                17.5795
              ],
              [
                100.9107,
                17.5826
              ],
              [
                100.9077,
                17.5901
              ],
              [
                100.9051,
                17.5916
              ],
              [
                100.8913,
                17.5876
              ],
              [
                100.8825,
                17.5829
              ],
              [
                100.8705,
                17.567
              ],
              [
                100.8628,
                17.5457
              ],
              [
                100.8626,
                17.5432
              ],
              [
                100.8648,
                17.542
              ],
              [
                100.8684,
                17.5319
              ],
              [
                100.8738,
                17.5298
              ],
              [
                100.8746,
                17.5276
              ],
              [
                100.8696,
                17.522
              ],
              [
                100.867,
                17.5149
              ],
              [
                100.8455,
                17.5004
              ],
              [
                100.8456,
                17.4884
              ],
              [
                100.8381,
                17.4825
              ],
              [
                100.8351,
                17.4778
              ],
              [
                100.836,
                17.4658
              ],
              [
                100.839,
                17.4639
              ],
              [
                100.843,
                17.4639
              ],
              [
                100.8432,
                17.4613
              ],
              [
                100.8488,
                17.4584
              ],
              [
                100.852,
                17.4528
              ],
              [
                100.8563,
                17.4534
              ],
              [
                100.8586,
                17.4493
              ],
              [
                100.8652,
                17.4519
              ],
              [
                100.8777,
                17.4481
              ],
              [
                100.8825,
                17.4511
              ],
              [
                100.8874,
                17.4577
              ],
              [
                100.8958,
                17.4626
              ],
              [
                100.9004,
                17.4561
              ],
              [
                100.906,
                17.4555
              ],
              [
                100.9076,
                17.4522
              ],
              [
                100.9102,
                17.4517
              ],
              [
                100.9127,
                17.4486
              ],
              [
                100.9173,
                17.4491
              ],
              [
                100.9186,
                17.4406
              ],
              [
                100.9163,
                17.4325
              ],
              [
                100.9188,
                17.4298
              ],
              [
                100.9221,
                17.4291
              ],
              [
                100.9227,
                17.4211
              ],
              [
                100.9254,
                17.4195
              ],
              [
                100.9256,
                17.4173
              ],
              [
                100.9229,
                17.413
              ],
              [
                100.9243,
                17.4093
              ],
              [
                100.9233,
                17.4045
              ],
              [
                100.925,
                17.4017
              ],
              [
                100.924,
                17.4002
              ],
              [
                100.9207,
                17.4007
              ],
              [
                100.9196,
                17.3989
              ],
              [
                100.9181,
                17.391
              ],
              [
                100.9191,
                17.3864
              ],
              [
                100.9146,
                17.3751
              ],
              [
                100.9184,
                17.3703
              ],
              [
                100.9164,
                17.366
              ],
              [
                100.9188,
                17.3634
              ],
              [
                100.9191,
                17.3588
              ],
              [
                100.9167,
                17.3487
              ],
              [
                100.917,
                17.34
              ],
              [
                100.9193,
                17.3407
              ],
              [
                100.9216,
                17.3372
              ],
              [
                100.9282,
                17.3364
              ],
              [
                100.9313,
                17.3339
              ],
              [
                100.9369,
                17.3349
              ],
              [
                100.9401,
                17.3338
              ],
              [
                100.946,
                17.3382
              ],
              [
                100.9539,
                17.3351
              ],
              [
                100.9562,
                17.3324
              ],
              [
                100.9716,
                17.3388
              ],
              [
                100.9847,
                17.3361
              ],
              [
                100.9933,
                17.3388
              ],
              [
                100.9982,
                17.3353
              ],
              [
                101.0071,
                17.3322
              ],
              [
                101.0102,
                17.3272
              ],
              [
                101.0092,
                17.3198
              ],
              [
                101.0132,
                17.3124
              ],
              [
                101.0173,
                17.3094
              ],
              [
                101.0283,
                17.3078
              ],
              [
                101.0373,
                17.2957
              ],
              [
                101.0511,
                17.2812
              ],
              [
                101.0584,
                17.2783
              ],
              [
                101.0843,
                17.2782
              ],
              [
                101.0845,
                17.2711
              ],
              [
                101.0904,
                17.2643
              ],
              [
                101.0941,
                17.2524
              ],
              [
                101.1105,
                17.2339
              ],
              [
                101.1114,
                17.2259
              ],
              [
                101.1091,
                17.2149
              ],
              [
                101.102,
                17.2086
              ],
              [
                101.0969,
                17.1977
              ],
              [
                101.0839,
                17.1891
              ],
              [
                101.0784,
                17.1768
              ],
              [
                101.0817,
                17.1658
              ],
              [
                101.0782,
                17.1592
              ],
              [
                101.081,
                17.154
              ],
              [
                101.0799,
                17.1378
              ],
              [
                101.0739,
                17.1305
              ],
              [
                101.0709,
                17.1147
              ],
              [
                101.0639,
                17.1131
              ],
              [
                101.0669,
                17.103
              ],
              [
                101.0646,
                17.0991
              ],
              [
                101.0577,
                17.0934
              ],
              [
                101.0613,
                17.0888
              ],
              [
                101.0615,
                17.0849
              ],
              [
                101.0577,
                17.0806
              ],
              [
                101.052,
                17.0777
              ],
              [
                101.0524,
                17.0747
              ],
              [
                101.0571,
                17.0703
              ],
              [
                101.0592,
                17.0618
              ],
              [
                101.0565,
                17.054
              ],
              [
                101.0602,
                17.0463
              ],
              [
                101.0569,
                17.0386
              ],
              [
                101.0594,
                17.0331
              ],
              [
                101.0596,
                17.0272
              ],
              [
                101.0555,
                17.0254
              ],
              [
                101.0564,
                17.0162
              ],
              [
                101.0488,
                17.0026
              ],
              [
                101.0479,
                16.9982
              ],
              [
                101.044,
                16.9959
              ],
              [
                101.0417,
                16.9886
              ],
              [
                101.0444,
                16.9849
              ],
              [
                101.0445,
                16.9812
              ],
              [
                101.0501,
                16.9747
              ],
              [
                101.0466,
                16.9729
              ],
              [
                101.0452,
                16.9678
              ],
              [
                101.0521,
                16.9574
              ],
              [
                101.0425,
                16.9522
              ],
              [
                101.0381,
                16.9475
              ],
              [
                101.0304,
                16.9459
              ],
              [
                101.0284,
                16.9438
              ],
              [
                101.0302,
                16.9424
              ],
              [
                101.0294,
                16.937
              ],
              [
                101.0352,
                16.9304
              ],
              [
                101.0415,
                16.928
              ],
              [
                101.0531,
                16.9288
              ],
              [
                101.0652,
                16.9272
              ],
              [
                101.0718,
                16.9241
              ],
              [
                101.0742,
                16.9186
              ],
              [
                101.0704,
                16.9027
              ],
              [
                101.0626,
                16.9
              ],
              [
                101.0546,
                16.9033
              ],
              [
                101.049,
                16.9035
              ],
              [
                101.0329,
                16.8909
              ],
              [
                101.0268,
                16.869
              ],
              [
                101.0237,
                16.8652
              ],
              [
                101.0164,
                16.8626
              ],
              [
                101.0134,
                16.8561
              ],
              [
                101.0113,
                16.8571
              ],
              [
                101.0101,
                16.8544
              ],
              [
                101.0055,
                16.8529
              ],
              [
                101.0032,
                16.8539
              ],
              [
                101.0007,
                16.8519
              ],
              [
                100.9949,
                16.8526
              ],
              [
                100.9897,
                16.8479
              ],
              [
                100.9826,
                16.847
              ],
              [
                100.9811,
                16.8445
              ],
              [
                100.9823,
                16.8417
              ],
              [
                100.9803,
                16.8395
              ],
              [
                100.9749,
                16.8392
              ],
              [
                100.9829,
                16.8317
              ],
              [
                100.981,
                16.828
              ],
              [
                100.9747,
                16.8253
              ],
              [
                100.9688,
                16.8278
              ],
              [
                100.9658,
                16.8255
              ],
              [
                100.9624,
                16.8281
              ],
              [
                100.9611,
                16.8244
              ],
              [
                100.9563,
                16.8222
              ],
              [
                100.9554,
                16.8195
              ],
              [
                100.9588,
                16.817
              ],
              [
                100.957,
                16.8084
              ],
              [
                100.9598,
                16.8073
              ],
              [
                100.9554,
                16.8015
              ],
              [
                100.9576,
                16.7977
              ],
              [
                100.9565,
                16.7952
              ],
              [
                100.9575,
                16.7931
              ],
              [
                100.9508,
                16.7898
              ],
              [
                100.9393,
                16.7934
              ],
              [
                100.9208,
                16.7898
              ],
              [
                100.9118,
                16.7951
              ],
              [
                100.9047,
                16.7972
              ],
              [
                100.9065,
                16.792
              ],
              [
                100.9072,
                16.7797
              ],
              [
                100.9042,
                16.7736
              ],
              [
                100.8981,
                16.7734
              ],
              [
                100.8978,
                16.7697
              ],
              [
                100.9024,
                16.7587
              ],
              [
                100.9165,
                16.758
              ],
              [
                100.921,
                16.7552
              ],
              [
                100.9237,
                16.7449
              ],
              [
                100.9217,
                16.7388
              ],
              [
                100.9155,
                16.7298
              ],
              [
                100.9189,
                16.7245
              ],
              [
                100.9322,
                16.7169
              ],
              [
                100.9327,
                16.7109
              ],
              [
                100.9313,
                16.7083
              ],
              [
                100.9254,
                16.7104
              ],
              [
                100.9248,
                16.702
              ],
              [
                100.9298,
                16.6949
              ],
              [
                100.9344,
                16.6938
              ],
              [
                100.9346,
                16.6886
              ],
              [
                100.9307,
                16.685
              ],
              [
                100.9318,
                16.6833
              ],
              [
                100.9394,
                16.6844
              ],
              [
                100.9436,
                16.6784
              ],
              [
                100.9366,
                16.6799
              ],
              [
                100.9335,
                16.6786
              ],
              [
                100.928,
                16.6655
              ],
              [
                100.9247,
                16.6636
              ],
              [
                100.9163,
                16.6674
              ],
              [
                100.9064,
                16.6668
              ],
              [
                100.9044,
                16.665
              ],
              [
                100.8923,
                16.667
              ],
              [
                100.8881,
                16.6642
              ],
              [
                100.8865,
                16.6584
              ],
              [
                100.8832,
                16.6542
              ],
              [
                100.8757,
                16.6484
              ],
              [
                100.8696,
                16.6462
              ],
              [
                100.8666,
                16.6417
              ],
              [
                100.863,
                16.6348
              ],
              [
                100.8629,
                16.621
              ],
              [
                100.8558,
                16.6133
              ],
              [
                100.8521,
                16.5964
              ],
              [
                100.849,
                16.5901
              ],
              [
                100.8511,
                16.5806
              ],
              [
                100.8488,
                16.5786
              ],
              [
                100.8529,
                16.5714
              ],
              [
                100.8521,
                16.5642
              ],
              [
                100.8551,
                16.558
              ],
              [
                100.8578,
                16.556
              ],
              [
                100.8593,
                16.5449
              ],
              [
                100.849,
                16.539
              ],
              [
                100.8479,
                16.5359
              ],
              [
                100.8506,
                16.5321
              ],
              [
                100.8502,
                16.5216
              ],
              [
                100.8448,
                16.5196
              ],
              [
                100.8429,
                16.521
              ],
              [
                100.8381,
                16.5204
              ],
              [
                100.8355,
                16.5179
              ],
              [
                100.8366,
                16.5089
              ],
              [
                100.8346,
                16.503
              ],
              [
                100.8261,
                16.5004
              ],
              [
                100.8158,
                16.4929
              ],
              [
                100.818,
                16.481
              ],
              [
                100.8064,
                16.4783
              ],
              [
                100.7999,
                16.4725
              ],
              [
                100.7955,
                16.4708
              ],
              [
                100.8004,
                16.4562
              ],
              [
                100.8041,
                16.4559
              ],
              [
                100.8058,
                16.454
              ],
              [
                100.8074,
                16.4475
              ],
              [
                100.8015,
                16.4492
              ],
              [
                100.7891,
                16.4471
              ],
              [
                100.778,
                16.4381
              ],
              [
                100.7759,
                16.4337
              ],
              [
                100.7753,
                16.4258
              ],
              [
                100.7729,
                16.4238
              ],
              [
                100.7635,
                16.4291
              ],
              [
                100.756,
                16.4243
              ],
              [
                100.7296,
                16.4213
              ],
              [
                100.7191,
                16.4167
              ],
              [
                100.7087,
                16.4176
              ],
              [
                100.7088,
                16.4144
              ],
              [
                100.7039,
                16.4088
              ],
              [
                100.7062,
                16.4019
              ],
              [
                100.7054,
                16.3961
              ],
              [
                100.7081,
                16.3833
              ],
              [
                100.7079,
                16.3787
              ],
              [
                100.704,
                16.3723
              ],
              [
                100.6998,
                16.3695
              ],
              [
                100.6857,
                16.3661
              ],
              [
                100.6791,
                16.3616
              ],
              [
                100.6686,
                16.3493
              ],
              [
                100.6669,
                16.3395
              ],
              [
                100.6597,
                16.3295
              ],
              [
                100.6483,
                16.3249
              ],
              [
                100.6464,
                16.3222
              ],
              [
                100.6394,
                16.325
              ],
              [
                100.6284,
                16.3182
              ],
              [
                100.6229,
                16.3105
              ],
              [
                100.6124,
                16.3072
              ],
              [
                100.6193,
                16.3223
              ],
              [
                100.6183,
                16.3354
              ],
              [
                100.6211,
                16.358
              ],
              [
                100.6252,
                16.3617
              ],
              [
                100.6151,
                16.3741
              ],
              [
                100.6031,
                16.382
              ],
              [
                100.6006,
                16.4059
              ],
              [
                100.5974,
                16.4182
              ],
              [
                100.5986,
                16.4355
              ],
              [
                100.5969,
                16.4426
              ],
              [
                100.5949,
                16.4422
              ],
              [
                100.5961,
                16.4468
              ],
              [
                100.5927,
                16.45
              ],
              [
                100.5919,
                16.4582
              ],
              [
                100.5967,
                16.465
              ],
              [
                100.5922,
                16.4689
              ],
              [
                100.5843,
                16.4709
              ],
              [
                100.5845,
                16.4876
              ],
              [
                100.5877,
                16.5006
              ],
              [
                100.5856,
                16.5045
              ],
              [
                100.5873,
                16.5099
              ],
              [
                100.5832,
                16.5184
              ],
              [
                100.5857,
                16.5209
              ],
              [
                100.5889,
                16.5205
              ],
              [
                100.5971,
                16.5289
              ],
              [
                100.5972,
                16.5411
              ],
              [
                100.5999,
                16.5576
              ],
              [
                100.5992,
                16.581
              ],
              [
                100.5897,
                16.5927
              ],
              [
                100.5835,
                16.5928
              ],
              [
                100.5702,
                16.5878
              ],
              [
                100.565,
                16.5842
              ],
              [
                100.5527,
                16.5832
              ],
              [
                100.5432,
                16.5763
              ],
              [
                100.5287,
                16.5759
              ],
              [
                100.5258,
                16.571
              ],
              [
                100.5199,
                16.5668
              ],
              [
                100.5162,
                16.5674
              ],
              [
                100.5114,
                16.5726
              ],
              [
                100.5058,
                16.5674
              ],
              [
                100.5067,
                16.5607
              ],
              [
                100.4991,
                16.5604
              ],
              [
                100.4847,
                16.5494
              ],
              [
                100.4853,
                16.5475
              ],
              [
                100.483,
                16.5433
              ],
              [
                100.4848,
                16.5406
              ],
              [
                100.4843,
                16.5359
              ],
              [
                100.4751,
                16.5313
              ],
              [
                100.4746,
                16.5279
              ],
              [
                100.4774,
                16.5256
              ],
              [
                100.47,
                16.519
              ],
              [
                100.4569,
                16.515
              ],
              [
                100.4272,
                16.5104
              ],
              [
                100.4256,
                16.5071
              ],
              [
                100.4177,
                16.5111
              ],
              [
                100.4167,
                16.512
              ],
              [
                100.4184,
                16.5137
              ],
              [
                100.4161,
                16.5148
              ],
              [
                100.4157,
                16.5182
              ],
              [
                100.406,
                16.5251
              ],
              [
                100.4032,
                16.5243
              ],
              [
                100.3999,
                16.5181
              ],
              [
                100.396,
                16.5177
              ],
              [
                100.3831,
                16.534
              ],
              [
                100.3811,
                16.5356
              ],
              [
                100.3783,
                16.5341
              ],
              [
                100.3765,
                16.5351
              ],
              [
                100.3814,
                16.5416
              ],
              [
                100.3789,
                16.5448
              ],
              [
                100.3714,
                16.5409
              ],
              [
                100.3622,
                16.5333
              ],
              [
                100.3477,
                16.5316
              ],
              [
                100.3367,
                16.5268
              ],
              [
                100.3349,
                16.5246
              ],
              [
                100.3296,
                16.527
              ],
              [
                100.3226,
                16.5227
              ],
              [
                100.2821,
                16.5305
              ],
              [
                100.2676,
                16.5361
              ]
            ]
          ],
          [
            [
              [
                100.9691,
                17.5714
              ],
              [
                100.9682,
                17.5696
              ],
              [
                100.9667,
                17.5723
              ],
              [
                100.9634,
                17.5727
              ],
              [
                100.9685,
                17.5735
              ],
              [
                100.9691,
                17.5714
              ]
            ]
          ]
        ]
      }
    },
    {
      "type": "Feature",
      "properties": {
        "prov_id": "NAKHONSAWAN",
        "name_th": "นครสวรรค์",
        "name_en": "Nakhon Sawan",
        "geom_source": "GADM4.1"
      },
      "geometry": {
        "type": "MultiPolygon",
        "coordinates": [
          [
            [
              [
                100.3471,
                15.1343
              ],
              [
                100.3475,
                15.146
              ],
              [
                100.317,
                15.1637
              ],
              [
                100.3022,
                15.1752
              ],
              [
                100.2984,
                15.1811
              ],
              [
                100.2961,
                15.1928
              ],
              [
                100.291,
                15.1959
              ],
              [
                100.284,
                15.2308
              ],
              [
                100.2826,
                15.2331
              ],
              [
                100.2778,
                15.2344
              ],
              [
                100.2749,
                15.2371
              ],
              [
                100.2748,
                15.2404
              ],
              [
                100.2704,
                15.2481
              ],
              [
                100.2708,
                15.2561
              ],
              [
                100.2678,
                15.2645
              ],
              [
                100.2669,
                15.2735
              ],
              [
                100.2639,
                15.2767
              ],
              [
                100.2634,
                15.2876
              ],
              [
                100.2558,
                15.2907
              ],
              [
                100.2561,
                15.296
              ],
              [
                100.2501,
                15.3016
              ],
              [
                100.2491,
                15.3064
              ],
              [
                100.2396,
                15.3211
              ],
              [
                100.2255,
                15.3389
              ],
              [
                100.2128,
                15.3503
              ],
              [
                100.2101,
                15.356
              ],
              [
                100.202,
                15.3639
              ],
              [
                100.1889,
                15.3697
              ],
              [
                100.1701,
                15.3736
              ],
              [
                100.1675,
                15.3786
              ],
              [
                100.1595,
                15.385
              ],
              [
                100.1504,
                15.389
              ],
              [
                100.1454,
                15.3886
              ],
              [
                100.1421,
                15.3848
              ],
              [
                100.1393,
                15.3875
              ],
              [
                100.1418,
                15.3954
              ],
              [
                100.1408,
                15.3995
              ],
              [
                100.1387,
                15.4022
              ],
              [
                100.1317,
                15.4029
              ],
              [
                100.127,
                15.4099
              ],
              [
                100.1248,
                15.4108
              ],
              [
                100.116,
                15.4116
              ],
              [
                100.1033,
                15.4166
              ],
              [
                100.0977,
                15.4211
              ],
              [
                100.0786,
                15.4253
              ],
              [
                100.0562,
                15.424
              ],
              [
                100.0586,
                15.4303
              ],
              [
                100.0647,
                15.4383
              ],
              [
                100.0674,
                15.4489
              ],
              [
                100.0667,
                15.4538
              ],
              [
                100.0684,
                15.4557
              ],
              [
                100.0668,
                15.4572
              ],
              [
                100.059,
                15.4571
              ],
              [
                100.0502,
                15.4594
              ],
              [
                100.0416,
                15.4643
              ],
              [
                100.0335,
                15.4724
              ],
              [
                100.027,
                15.4845
              ],
              [
                100.0273,
                15.5043
              ],
              [
                100.0254,
                15.5066
              ],
              [
                100.0087,
                15.5033
              ],
              [
                100.0064,
                15.4988
              ],
              [
                100.0117,
                15.4907
              ],
              [
                100.0072,
                15.4859
              ],
              [
                99.9995,
                15.4819
              ],
              [
                99.9946,
                15.4855
              ],
              [
                99.9926,
                15.4903
              ],
              [
                99.9875,
                15.4895
              ],
              [
                99.9832,
                15.4916
              ],
              [
                99.9836,
                15.4943
              ],
              [
                99.9818,
                15.4959
              ],
              [
                99.9781,
                15.4962
              ],
              [
                99.9765,
                15.4983
              ],
              [
                99.9697,
                15.5002
              ],
              [
                99.9674,
                15.499
              ],
              [
                99.9591,
                15.5055
              ],
              [
                99.9487,
                15.4985
              ],
              [
                99.9475,
                15.4991
              ],
              [
                99.9459,
                15.5025
              ],
              [
                99.9468,
                15.5147
              ],
              [
                99.9443,
                15.5192
              ],
              [
                99.944,
                15.5275
              ],
              [
                99.9412,
                15.5319
              ],
              [
                99.9418,
                15.5601
              ],
              [
                99.9438,
                15.5715
              ],
              [
                99.9417,
                15.5769
              ],
              [
                99.9393,
                15.5958
              ],
              [
                99.9399,
                15.5999
              ],
              [
                99.9426,
                15.6028
              ],
              [
                99.9445,
                15.6173
              ],
              [
                99.9438,
                15.6258
              ],
              [
                99.9389,
                15.6421
              ],
              [
                99.937,
                15.6573
              ],
              [
                99.9377,
                15.6664
              ],
              [
                99.936,
                15.6725
              ],
              [
                99.9324,
                15.6742
              ],
              [
                99.9275,
                15.6742
              ],
              [
                99.908,
                15.6688
              ],
              [
                99.8995,
                15.6637
              ],
              [
                99.8798,
                15.6596
              ],
              [
                99.8672,
                15.6546
              ],
              [
                99.8628,
                15.6419
              ],
              [
                99.8652,
                15.6398
              ],
              [
                99.8648,
                15.6224
              ],
              [
                99.8662,
                15.6183
              ],
              [
                99.8632,
                15.6172
              ],
              [
                99.8498,
                15.6207
              ],
              [
                99.8111,
                15.6384
              ],
              [
                99.7965,
                15.6424
              ],
              [
                99.7941,
                15.6479
              ],
              [
                99.7902,
                15.6519
              ],
              [
                99.7661,
                15.6611
              ],
              [
                99.7646,
                15.6651
              ],
              [
                99.762,
                15.6657
              ],
              [
                99.7582,
                15.6713
              ],
              [
                99.7459,
                15.6782
              ],
              [
                99.7362,
                15.6875
              ],
              [
                99.7308,
                15.6881
              ],
              [
                99.7217,
                15.6822
              ],
              [
                99.7067,
                15.686
              ],
              [
                99.6896,
                15.6794
              ],
              [
                99.6705,
                15.6694
              ],
              [
                99.6613,
                15.6691
              ],
              [
                99.653,
                15.6579
              ],
              [
                99.6293,
                15.6395
              ],
              [
                99.624,
                15.638
              ],
              [
                99.6208,
                15.6352
              ],
              [
                99.6101,
                15.6336
              ],
              [
                99.6049,
                15.6304
              ],
              [
                99.5963,
                15.6281
              ],
              [
                99.5811,
                15.6117
              ],
              [
                99.5737,
                15.6065
              ],
              [
                99.5707,
                15.5979
              ],
              [
                99.5646,
                15.5909
              ],
              [
                99.5506,
                15.5874
              ],
              [
                99.5406,
                15.5812
              ],
              [
                99.5354,
                15.5743
              ],
              [
                99.5325,
                15.5724
              ],
              [
                99.5276,
                15.5722
              ],
              [
                99.5144,
                15.5616
              ],
              [
                99.5052,
                15.5612
              ],
              [
                99.4956,
                15.5686
              ],
              [
                99.4875,
                15.5664
              ],
              [
                99.4814,
                15.5627
              ],
              [
                99.4726,
                15.5628
              ],
              [
                99.4684,
                15.5846
              ],
              [
                99.4655,
                15.5865
              ],
              [
                99.457,
                15.5808
              ],
              [
                99.4543,
                15.5811
              ],
              [
                99.4511,
                15.5887
              ],
              [
                99.444,
                15.5913
              ],
              [
                99.4421,
                15.5956
              ],
              [
                99.4286,
                15.6029
              ],
              [
                99.4268,
                15.6045
              ],
              [
                99.4282,
                15.6068
              ],
              [
                99.4266,
                15.6094
              ],
              [
                99.4219,
                15.613
              ],
              [
                99.4061,
                15.6157
              ],
              [
                99.4015,
                15.6194
              ],
              [
                99.3908,
                15.6237
              ],
              [
                99.3793,
                15.6237
              ],
              [
                99.3751,
                15.6302
              ],
              [
                99.3763,
                15.6348
              ],
              [
                99.3716,
                15.6414
              ],
              [
                99.3676,
                15.6517
              ],
              [
                99.3717,
                15.6623
              ],
              [
                99.3693,
                15.6624
              ],
              [
                99.3636,
                15.6676
              ],
              [
                99.3602,
                15.6755
              ],
              [
                99.3554,
                15.6793
              ],
              [
                99.3452,
                15.6835
              ],
              [
                99.341,
                15.6834
              ],
              [
                99.3315,
                15.6903
              ],
              [
                99.3201,
                15.6876
              ],
              [
                99.3135,
                15.6925
              ],
              [
                99.2967,
                15.6922
              ],
              [
                99.2886,
                15.697
              ],
              [
                99.2884,
                15.7035
              ],
              [
                99.2842,
                15.7058
              ],
              [
                99.2773,
                15.7153
              ],
              [
                99.2689,
                15.7175
              ],
              [
                99.2536,
                15.7185
              ],
              [
                99.2489,
                15.7205
              ],
              [
                99.2417,
                15.7323
              ],
              [
                99.2423,
                15.7369
              ],
              [
                99.2374,
                15.7454
              ],
              [
                99.2352,
                15.7477
              ],
              [
                99.2302,
                15.7467
              ],
              [
                99.2261,
                15.7571
              ],
              [
                99.2205,
                15.7602
              ],
              [
                99.2171,
                15.7648
              ],
              [
                99.2041,
                15.7653
              ],
              [
                99.2011,
                15.7705
              ],
              [
                99.1901,
                15.7785
              ],
              [
                99.1878,
                15.7819
              ],
              [
                99.1852,
                15.7803
              ],
              [
                99.1762,
                15.781
              ],
              [
                99.1683,
                15.7762
              ],
              [
                99.1659,
                15.7768
              ],
              [
                99.1649,
                15.7884
              ],
              [
                99.1615,
                15.7904
              ],
              [
                99.1515,
                15.7912
              ],
              [
                99.1489,
                15.7944
              ],
              [
                99.1439,
                15.7952
              ],
              [
                99.1363,
                15.7954
              ],
              [
                99.1366,
                15.7925
              ],
              [
                99.1318,
                15.8053
              ],
              [
                99.124,
                15.8132
              ],
              [
                99.1047,
                15.8193
              ],
              [
                99.1036,
                15.8203
              ],
              [
                99.104,
                15.8259
              ],
              [
                99.097,
                15.8306
              ],
              [
                99.0954,
                15.8354
              ],
              [
                99.0987,
                15.8523
              ],
              [
                99.0951,
                15.8558
              ],
              [
                99.0941,
                15.8594
              ],
              [
                99.0973,
                15.8698
              ],
              [
                99.0959,
                15.8728
              ],
              [
                99.089,
                15.8776
              ],
              [
                99.0863,
                15.8835
              ],
              [
                99.0888,
                15.8848
              ],
              [
                99.0962,
                15.8817
              ],
              [
                99.1008,
                15.8875
              ],
              [
                99.1062,
                15.8906
              ],
              [
                99.1093,
                15.895
              ],
              [
                99.1166,
                15.8993
              ],
              [
                99.1291,
                15.911
              ],
              [
                99.1326,
                15.9076
              ],
              [
                99.1397,
                15.9047
              ],
              [
                99.1482,
                15.9076
              ],
              [
                99.1536,
                15.9127
              ],
              [
                99.1555,
                15.9195
              ],
              [
                99.1649,
                15.9249
              ],
              [
                99.1744,
                15.9278
              ],
              [
                99.1732,
                15.9364
              ],
              [
                99.1767,
                15.9332
              ],
              [
                99.1876,
                15.9281
              ],
              [
                99.1927,
                15.9325
              ],
              [
                99.1924,
                15.9367
              ],
              [
                99.1965,
                15.9389
              ],
              [
                99.1935,
                15.9425
              ],
              [
                99.1952,
                15.9444
              ],
              [
                99.2044,
                15.9357
              ],
              [
                99.2088,
                15.948
              ],
              [
                99.2131,
                15.9441
              ],
              [
                99.2179,
                15.9438
              ],
              [
                99.2183,
                15.9417
              ],
              [
                99.2141,
                15.9392
              ],
              [
                99.2192,
                15.937
              ],
              [
                99.2216,
                15.9384
              ],
              [
                99.2214,
                15.9438
              ],
              [
                99.2241,
                15.9433
              ],
              [
                99.2274,
                15.9356
              ],
              [
                99.2322,
                15.9329
              ],
              [
                99.2351,
                15.9285
              ],
              [
                99.2515,
                15.9176
              ],
              [
                99.2589,
                15.9152
              ],
              [
                99.2679,
                15.9068
              ],
              [
                99.2685,
                15.9102
              ],
              [
                99.27,
                15.9116
              ],
              [
                99.2721,
                15.9111
              ],
              [
                99.274,
                15.904
              ],
              [
                99.2792,
                15.902
              ],
              [
                99.2813,
                15.8981
              ],
              [
                99.2882,
                15.8955
              ],
              [
                99.2903,
                15.8914
              ],
              [
                99.2924,
                15.894
              ],
              [
                99.2924,
                15.8995
              ],
              [
                99.2895,
                15.9028
              ],
              [
                99.2903,
                15.9044
              ],
              [
                99.295,
                15.9028
              ],
              [
                99.2961,
                15.9069
              ],
              [
                99.2979,
                15.9081
              ],
              [
                99.3022,
                15.9073
              ],
              [
                99.3062,
                15.9038
              ],
              [
                99.3115,
                15.9052
              ],
              [
                99.3112,
                15.9178
              ],
              [
                99.3129,
                15.9188
              ],
              [
                99.3188,
                15.9162
              ],
              [
                99.3204,
                15.9171
              ],
              [
                99.32,
                15.927
              ],
              [
                99.3283,
                15.9205
              ],
              [
                99.3271,
                15.9161
              ],
              [
                99.3297,
                15.9118
              ],
              [
                99.3333,
                15.9114
              ],
              [
                99.3468,
                15.9209
              ],
              [
                99.3575,
                15.9262
              ],
              [
                99.3736,
                15.916
              ],
              [
                99.3775,
                15.9152
              ],
              [
                99.3832,
                15.9172
              ],
              [
                99.4098,
                15.9106
              ],
              [
                99.4186,
                15.9116
              ],
              [
                99.4249,
                15.9189
              ],
              [
                99.4281,
                15.9185
              ],
              [
                99.4323,
                15.908
              ],
              [
                99.4366,
                15.9095
              ],
              [
                99.4387,
                15.9086
              ],
              [
                99.447,
                15.9014
              ],
              [
                99.4518,
                15.9044
              ],
              [
                99.4613,
                15.9047
              ],
              [
                99.468,
                15.8996
              ],
              [
                99.4726,
                15.9009
              ],
              [
                99.4775,
                15.8998
              ],
              [
                99.4771,
                15.9054
              ],
              [
                99.4821,
                15.9096
              ],
              [
                99.4787,
                15.9184
              ],
              [
                99.48,
                15.9212
              ],
              [
                99.4906,
                15.9225
              ],
              [
                99.5022,
                15.9275
              ],
              [
                99.51,
                15.9235
              ],
              [
                99.5189,
                15.923
              ],
              [
                99.5238,
                15.9244
              ],
              [
                99.5241,
                15.9209
              ],
              [
                99.5274,
                15.9176
              ],
              [
                99.5292,
                15.918
              ],
              [
                99.5312,
                15.9223
              ],
              [
                99.5358,
                15.9242
              ],
              [
                99.5394,
                15.9231
              ],
              [
                99.5399,
                15.9243
              ],
              [
                99.549,
                15.9185
              ],
              [
                99.5491,
                15.9169
              ],
              [
                99.5529,
                15.9167
              ],
              [
                99.554,
                15.9126
              ],
              [
                99.5511,
                15.9122
              ],
              [
                99.5547,
                15.9115
              ],
              [
                99.5539,
                15.9095
              ],
              [
                99.557,
                15.9058
              ],
              [
                99.5573,
                15.9077
              ],
              [
                99.5653,
                15.9052
              ],
              [
                99.5783,
                15.9049
              ],
              [
                99.5806,
                15.9035
              ],
              [
                99.5796,
                15.9001
              ],
              [
                99.5839,
                15.8975
              ],
              [
                99.607,
                15.8975
              ],
              [
                99.6098,
                15.896
              ],
              [
                99.6124,
                15.8895
              ],
              [
                99.615,
                15.887
              ],
              [
                99.6306,
                15.885
              ],
              [
                99.6348,
                15.8825
              ],
              [
                99.6478,
                15.8671
              ],
              [
                99.6591,
                15.8566
              ],
              [
                99.6815,
                15.864
              ],
              [
                99.6853,
                15.8698
              ],
              [
                99.6927,
                15.8722
              ],
              [
                99.6977,
                15.8757
              ],
              [
                99.7039,
                15.8746
              ],
              [
                99.7098,
                15.8783
              ],
              [
                99.7161,
                15.8728
              ],
              [
                99.7275,
                15.8713
              ],
              [
                99.7394,
                15.8573
              ],
              [
                99.7431,
                15.8571
              ],
              [
                99.7514,
                15.8808
              ],
              [
                99.7633,
                15.8933
              ],
              [
                99.7723,
                15.8994
              ],
              [
                99.7735,
                15.9039
              ],
              [
                99.7696,
                15.9151
              ],
              [
                99.7701,
                15.9195
              ],
              [
                99.7815,
                15.9231
              ],
              [
                99.7873,
                15.9272
              ],
              [
                99.7946,
                15.9219
              ],
              [
                99.8028,
                15.9214
              ],
              [
                99.8052,
                15.9197
              ],
              [
                99.8073,
                15.9235
              ],
              [
                99.8056,
                15.9315
              ],
              [
                99.8081,
                15.9402
              ],
              [
                99.8256,
                15.949
              ],
              [
                99.8298,
                15.963
              ],
              [
                99.8465,
                15.9787
              ],
              [
                99.8485,
                15.9837
              ],
              [
                99.8475,
                15.9977
              ],
              [
                99.8422,
                16.0095
              ],
              [
                99.8457,
                16.0157
              ],
              [
                99.8718,
                16.0385
              ],
              [
                99.8886,
                16.0483
              ],
              [
                99.8972,
                16.0511
              ],
              [
                99.9201,
                16.0467
              ],
              [
                99.934,
                16.0515
              ],
              [
                99.9371,
                16.0554
              ],
              [
                99.939,
                16.0627
              ],
              [
                99.9428,
                16.0688
              ],
              [
                99.9544,
                16.0804
              ],
              [
                99.9686,
                16.0987
              ],
              [
                99.9913,
                16.1183
              ],
              [
                99.9999,
                16.1313
              ],
              [
                100.011,
                16.1418
              ],
              [
                100.0176,
                16.151
              ],
              [
                100.0225,
                16.1537
              ],
              [
                100.0337,
                16.1539
              ],
              [
                100.0389,
                16.1567
              ],
              [
                100.04,
                16.1593
              ],
              [
                100.0319,
                16.1718
              ],
              [
                100.031,
                16.176
              ],
              [
                100.0241,
                16.1797
              ],
              [
                100.0237,
                16.1817
              ],
              [
                100.0261,
                16.189
              ],
              [
                100.0348,
                16.1947
              ],
              [
                100.0379,
                16.1925
              ],
              [
                100.0469,
                16.1902
              ],
              [
                100.0536,
                16.1766
              ],
              [
                100.0809,
                16.1713
              ],
              [
                100.0818,
                16.1652
              ],
              [
                100.0941,
                16.1557
              ],
              [
                100.0941,
                16.151
              ],
              [
                100.0792,
                16.125
              ],
              [
                100.0838,
                16.1179
              ],
              [
                100.0879,
                16.1149
              ],
              [
                100.0923,
                16.114
              ],
              [
                100.0966,
                16.1101
              ],
              [
                100.0975,
                16.1055
              ],
              [
                100.0959,
                16.1034
              ],
              [
                100.0958,
                16.0984
              ],
              [
                100.0991,
                16.0939
              ],
              [
                100.1019,
                16.0937
              ],
              [
                100.1055,
                16.0868
              ],
              [
                100.1151,
                16.0792
              ],
              [
                100.1109,
                16.0739
              ],
              [
                100.1138,
                16.0719
              ],
              [
                100.1144,
                16.0675
              ],
              [
                100.12,
                16.0574
              ],
              [
                100.1199,
                16.0516
              ],
              [
                100.1176,
                16.0466
              ],
              [
                100.1244,
                16.0385
              ],
              [
                100.1286,
                16.0384
              ],
              [
                100.1296,
                16.0357
              ],
              [
                100.132,
                16.035
              ],
              [
                100.1326,
                16.0305
              ],
              [
                100.1294,
                16.028
              ],
              [
                100.1326,
                16.0183
              ],
              [
                100.1389,
                16.0099
              ],
              [
                100.1497,
                15.9881
              ],
              [
                100.1627,
                15.9792
              ],
              [
                100.1648,
                15.9727
              ],
              [
                100.1616,
                15.9667
              ],
              [
                100.1621,
                15.9597
              ],
              [
                100.1697,
                15.9566
              ],
              [
                100.1723,
                15.9501
              ],
              [
                100.177,
                15.947
              ],
              [
                100.1746,
                15.937
              ],
              [
                100.1784,
                15.93
              ],
              [
                100.1767,
                15.926
              ],
              [
                100.1803,
                15.9232
              ],
              [
                100.1841,
                15.9261
              ],
              [
                100.1878,
                15.9333
              ],
              [
                100.1923,
                15.9315
              ],
              [
                100.1959,
                15.9323
              ],
              [
                100.1974,
                15.9295
              ],
              [
                100.1994,
                15.9321
              ],
              [
                100.204,
                15.9333
              ],
              [
                100.2061,
                15.9312
              ],
              [
                100.2172,
                15.9278
              ],
              [
                100.2189,
                15.9219
              ],
              [
                100.2206,
                15.9209
              ],
              [
                100.2279,
                15.9194
              ],
              [
                100.2298,
                15.9251
              ],
              [
                100.2357,
                15.9299
              ],
              [
                100.2393,
                15.9545
              ],
              [
                100.2427,
                15.9594
              ],
              [
                100.2558,
                15.9598
              ],
              [
                100.261,
                15.958
              ],
              [
                100.2637,
                15.9524
              ],
              [
                100.2634,
                15.9408
              ],
              [
                100.2688,
                15.9386
              ],
              [
                100.2823,
                15.9452
              ],
              [
                100.2854,
                15.9489
              ],
              [
                100.2916,
                15.9502
              ],
              [
                100.3007,
                15.9563
              ],
              [
                100.3066,
                15.9565
              ],
              [
                100.311,
                15.9601
              ],
              [
                100.3114,
                15.9638
              ],
              [
                100.3253,
                15.9681
              ],
              [
                100.326,
                15.9784
              ],
              [
                100.323,
                15.9847
              ],
              [
                100.3247,
                15.9857
              ],
              [
                100.3324,
                15.9794
              ],
              [
                100.3475,
                15.9729
              ],
              [
                100.3319,
                15.9386
              ],
              [
                100.3505,
                15.9335
              ],
              [
                100.3758,
                15.9393
              ],
              [
                100.3878,
                15.9365
              ],
              [
                100.3949,
                15.9326
              ],
              [
                100.4045,
                15.9321
              ],
              [
                100.4088,
                15.9292
              ],
              [
                100.4206,
                15.9263
              ],
              [
                100.4434,
                15.9278
              ],
              [
                100.4719,
                15.9247
              ],
              [
                100.4931,
                15.9308
              ],
              [
                100.5082,
                15.9301
              ],
              [
                100.5137,
                15.9324
              ],
              [
                100.5207,
                15.9393
              ],
              [
                100.5322,
                15.94
              ],
              [
                100.5362,
                15.9384
              ],
              [
                100.5371,
                15.9352
              ],
              [
                100.5361,
                15.9327
              ],
              [
                100.5302,
                15.9294
              ],
              [
                100.5282,
                15.9204
              ],
              [
                100.5218,
                15.9167
              ],
              [
                100.5215,
                15.9135
              ],
              [
                100.5253,
                15.911
              ],
              [
                100.5273,
                15.912
              ],
              [
                100.5324,
                15.9209
              ],
              [
                100.5432,
                15.9257
              ],
              [
                100.5452,
                15.9233
              ],
              [
                100.5465,
                15.9237
              ],
              [
                100.5528,
                15.9312
              ],
              [
                100.5567,
                15.9309
              ],
              [
                100.5627,
                15.9394
              ],
              [
                100.5689,
                15.9418
              ],
              [
                100.5838,
                15.9601
              ],
              [
                100.6073,
                15.9666
              ],
              [
                100.6321,
                15.9791
              ],
              [
                100.6614,
                15.9891
              ],
              [
                100.6808,
                15.9872
              ],
              [
                100.6942,
                15.9921
              ],
              [
                100.7094,
                15.9952
              ],
              [
                100.7313,
                15.9874
              ],
              [
                100.7408,
                15.9884
              ],
              [
                100.7744,
                15.9996
              ],
              [
                100.7769,
                15.9989
              ],
              [
                100.7788,
                15.9961
              ],
              [
                100.785,
                15.9935
              ],
              [
                100.7838,
                15.9876
              ],
              [
                100.7856,
                15.9819
              ],
              [
                100.7785,
                15.9723
              ],
              [
                100.7776,
                15.9596
              ],
              [
                100.7675,
                15.9373
              ],
              [
                100.7685,
                15.9306
              ],
              [
                100.7637,
                15.92
              ],
              [
                100.7653,
                15.91
              ],
              [
                100.7706,
                15.9008
              ],
              [
                100.7752,
                15.8969
              ],
              [
                100.7823,
                15.8962
              ],
              [
                100.787,
                15.8925
              ],
              [
                100.792,
                15.8907
              ],
              [
                100.7952,
                15.8916
              ],
              [
                100.8052,
                15.887
              ],
              [
                100.8123,
                15.8791
              ],
              [
                100.8128,
                15.8722
              ],
              [
                100.81,
                15.864
              ],
              [
                100.813,
                15.8557
              ],
              [
                100.8089,
                15.8492
              ],
              [
                100.8106,
                15.8441
              ],
              [
                100.8044,
                15.8309
              ],
              [
                100.7985,
                15.8242
              ],
              [
                100.8204,
                15.7521
              ],
              [
                100.8204,
                15.7116
              ],
              [
                100.832,
                15.7071
              ],
              [
                100.8387,
                15.7082
              ],
              [
                100.8472,
                15.7059
              ],
              [
                100.8501,
                15.6943
              ],
              [
                100.8452,
                15.6838
              ],
              [
                100.8285,
                15.6745
              ],
              [
                100.8293,
                15.6647
              ],
              [
                100.8251,
                15.6581
              ],
              [
                100.8277,
                15.6441
              ],
              [
                100.8201,
                15.628
              ],
              [
                100.8269,
                15.612
              ],
              [
                100.8195,
                15.6018
              ],
              [
                100.8135,
                15.5995
              ],
              [
                100.8101,
                15.5944
              ],
              [
                100.8109,
                15.5911
              ],
              [
                100.819,
                15.5841
              ],
              [
                100.8189,
                15.5817
              ],
              [
                100.8104,
                15.5718
              ],
              [
                100.8131,
                15.5706
              ],
              [
                100.814,
                15.5679
              ],
              [
                100.8074,
                15.5585
              ],
              [
                100.804,
                15.5577
              ],
              [
                100.8056,
                15.5536
              ],
              [
                100.7994,
                15.5474
              ],
              [
                100.7928,
                15.5365
              ],
              [
                100.7841,
                15.536
              ],
              [
                100.7764,
                15.5325
              ],
              [
                100.7703,
                15.5322
              ],
              [
                100.7654,
                15.5264
              ],
              [
                100.7602,
                15.5238
              ],
              [
                100.7609,
                15.518
              ],
              [
                100.7568,
                15.5138
              ],
              [
                100.7467,
                15.5123
              ],
              [
                100.747,
                15.5107
              ],
              [
                100.7522,
                15.5076
              ],
              [
                100.7531,
                15.504
              ],
              [
                100.7651,
                15.5012
              ],
              [
                100.7714,
                15.4955
              ],
              [
                100.7722,
                15.4853
              ],
              [
                100.7699,
                15.48
              ],
              [
                100.7706,
                15.471
              ],
              [
                100.7732,
                15.4645
              ],
              [
                100.7661,
                15.4583
              ],
              [
                100.76,
                15.4573
              ],
              [
                100.7594,
                15.4553
              ],
              [
                100.7543,
                15.4545
              ],
              [
                100.7495,
                15.4515
              ],
              [
                100.7366,
                15.4489
              ],
              [
                100.7343,
                15.4464
              ],
              [
                100.7188,
                15.4458
              ],
              [
                100.712,
                15.4403
              ],
              [
                100.6983,
                15.4402
              ],
              [
                100.6864,
                15.431
              ],
              [
                100.6657,
                15.429
              ],
              [
                100.6568,
                15.4245
              ],
              [
                100.6507,
                15.4185
              ],
              [
                100.6445,
                15.4153
              ],
              [
                100.6467,
                15.4102
              ],
              [
                100.6446,
                15.4067
              ],
              [
                100.6473,
                15.4026
              ],
              [
                100.644,
                15.3949
              ],
              [
                100.6408,
                15.3764
              ],
              [
                100.6361,
                15.3657
              ],
              [
                100.6304,
                15.3427
              ],
              [
                100.6301,
                15.3359
              ],
              [
                100.6356,
                15.3271
              ],
              [
                100.6355,
                15.3213
              ],
              [
                100.6303,
                15.322
              ],
              [
                100.6234,
                15.3176
              ],
              [
                100.6244,
                15.3141
              ],
              [
                100.617,
                15.3078
              ],
              [
                100.6129,
                15.2934
              ],
              [
                100.5923,
                15.2869
              ],
              [
                100.5856,
                15.2815
              ],
              [
                100.5835,
                15.2749
              ],
              [
                100.5803,
                15.274
              ],
              [
                100.5786,
                15.2675
              ],
              [
                100.5807,
                15.2658
              ],
              [
                100.5909,
                15.2663
              ],
              [
                100.5951,
                15.2579
              ],
              [
                100.5908,
                15.2501
              ],
              [
                100.5907,
                15.2443
              ],
              [
                100.589,
                15.2429
              ],
              [
                100.5926,
                15.2281
              ],
              [
                100.5877,
                15.2239
              ],
              [
                100.5687,
                15.2213
              ],
              [
                100.5691,
                15.2187
              ],
              [
                100.5618,
                15.2145
              ],
              [
                100.5608,
                15.2103
              ],
              [
                100.5568,
                15.2048
              ],
              [
                100.5526,
                15.2034
              ],
              [
                100.5445,
                15.1964
              ],
              [
                100.542,
                15.1978
              ],
              [
                100.54,
                15.1968
              ],
              [
                100.5317,
                15.1785
              ],
              [
                100.5273,
                15.1772
              ],
              [
                100.514,
                15.1675
              ],
              [
                100.5061,
                15.1556
              ],
              [
                100.5046,
                15.1442
              ],
              [
                100.5108,
                15.1332
              ],
              [
                100.5079,
                15.1296
              ],
              [
                100.5002,
                15.1265
              ],
              [
                100.4941,
                15.1205
              ],
              [
                100.4826,
                15.115
              ],
              [
                100.4746,
                15.108
              ],
              [
                100.4678,
                15.1143
              ],
              [
                100.4652,
                15.1128
              ],
              [
                100.4509,
                15.0953
              ],
              [
                100.4425,
                15.0892
              ],
              [
                100.4233,
                15.0559
              ],
              [
                100.3822,
                15.0924
              ],
              [
                100.3544,
                15.1003
              ],
              [
                100.351,
                15.1051
              ],
              [
                100.344,
                15.1097
              ],
              [
                100.3547,
                15.1178
              ],
              [
                100.3474,
                15.1272
              ],
              [
                100.3471,
                15.1343
              ]
            ]
          ]
        ]
      }
    },
    {
      "type": "Feature",
      "properties": {
        "prov_id": "CHAINAT",
        "name_th": "ชัยนาท",
        "name_en": "Chai Nat",
        "geom_source": "GADM4.1"
      },
      "geometry": {
        "type": "MultiPolygon",
        "coordinates": [
          [
            [
              [
                100.291,
                15.1959
              ],
              [
                100.2961,
                15.1928
              ],
              [
                100.2984,
                15.1811
              ],
              [
                100.3039,
                15.1728
              ],
              [
                100.3475,
                15.146
              ],
              [
                100.3474,
                15.1272
              ],
              [
                100.3547,
                15.1178
              ],
              [
                100.3192,
                15.0908
              ],
              [
                100.3078,
                15.085
              ],
              [
                100.3004,
                15.0843
              ],
              [
                100.2972,
                15.0824
              ],
              [
                100.2927,
                15.0759
              ],
              [
                100.2955,
                15.0702
              ],
              [
                100.2948,
                15.0652
              ],
              [
                100.2838,
                15.063
              ],
              [
                100.277,
                15.0651
              ],
              [
                100.2606,
                15.0571
              ],
              [
                100.2469,
                15.0566
              ],
              [
                100.2422,
                15.0545
              ],
              [
                100.2368,
                15.0568
              ],
              [
                100.2338,
                15.0541
              ],
              [
                100.2296,
                15.0445
              ],
              [
                100.2335,
                15.024
              ],
              [
                100.2371,
                15.0212
              ],
              [
                100.2413,
                15.0239
              ],
              [
                100.2472,
                15.0214
              ],
              [
                100.2461,
                15.0168
              ],
              [
                100.2483,
                15.0162
              ],
              [
                100.2515,
                15.0181
              ],
              [
                100.2531,
                15.0105
              ],
              [
                100.2578,
                15.006
              ],
              [
                100.2643,
                15.0102
              ],
              [
                100.2698,
                15.0083
              ],
              [
                100.2713,
                15.0002
              ],
              [
                100.2621,
                14.9933
              ],
              [
                100.2614,
                14.9888
              ],
              [
                100.2747,
                14.9724
              ],
              [
                100.2793,
                14.9589
              ],
              [
                100.2746,
                14.9573
              ],
              [
                100.2734,
                14.9512
              ],
              [
                100.2646,
                14.9488
              ],
              [
                100.2646,
                14.9466
              ],
              [
                100.261,
                14.9435
              ],
              [
                100.2009,
                14.9525
              ],
              [
                100.1853,
                14.9461
              ],
              [
                100.1672,
                14.9355
              ],
              [
                100.1544,
                14.925
              ],
              [
                100.1485,
                14.915
              ],
              [
                100.1432,
                14.9171
              ],
              [
                100.1364,
                14.9115
              ],
              [
                100.1325,
                14.9137
              ],
              [
                100.128,
                14.9206
              ],
              [
                100.127,
                14.9305
              ],
              [
                100.1137,
                14.9449
              ],
              [
                100.0765,
                14.956
              ],
              [
                100.0649,
                14.9521
              ],
              [
                100.0587,
                14.9558
              ],
              [
                100.0415,
                14.9598
              ],
              [
                100.0395,
                14.9589
              ],
              [
                100.0374,
                14.9514
              ],
              [
                100.0421,
                14.9437
              ],
              [
                100.0457,
                14.941
              ],
              [
                100.047,
                14.9362
              ],
              [
                100.043,
                14.9236
              ],
              [
                100.0431,
                14.9175
              ],
              [
                100.0313,
                14.9131
              ],
              [
                100.0168,
                14.9125
              ],
              [
                100.0101,
                14.9084
              ],
              [
                99.9857,
                14.9073
              ],
              [
                99.9805,
                14.9041
              ],
              [
                99.9754,
                14.9052
              ],
              [
                99.9723,
                14.9027
              ],
              [
                99.9653,
                14.9021
              ],
              [
                99.9641,
                14.9045
              ],
              [
                99.9567,
                14.9064
              ],
              [
                99.9503,
                14.9102
              ],
              [
                99.934,
                14.9067
              ],
              [
                99.8999,
                14.9148
              ],
              [
                99.884,
                14.9121
              ],
              [
                99.8738,
                14.9171
              ],
              [
                99.8732,
                14.9268
              ],
              [
                99.8701,
                14.93
              ],
              [
                99.8636,
                14.9325
              ],
              [
                99.8544,
                14.9394
              ],
              [
                99.8462,
                14.9396
              ],
              [
                99.8348,
                14.9359
              ],
              [
                99.8189,
                14.9372
              ],
              [
                99.8106,
                14.9408
              ],
              [
                99.7948,
                14.9427
              ],
              [
                99.78,
                14.9514
              ],
              [
                99.7751,
                14.951
              ],
              [
                99.7715,
                14.9529
              ],
              [
                99.7662,
                14.9607
              ],
              [
                99.7475,
                14.9589
              ],
              [
                99.7389,
                14.9627
              ],
              [
                99.7231,
                14.9615
              ],
              [
                99.7206,
                14.9646
              ],
              [
                99.7169,
                14.9762
              ],
              [
                99.7239,
                14.9776
              ],
              [
                99.7251,
                14.9796
              ],
              [
                99.7246,
                14.9877
              ],
              [
                99.729,
                14.993
              ],
              [
                99.7306,
                15.0008
              ],
              [
                99.7459,
                15.0056
              ],
              [
                99.7549,
                15.0112
              ],
              [
                99.7618,
                15.0179
              ],
              [
                99.7791,
                15.0246
              ],
              [
                99.7764,
                15.0289
              ],
              [
                99.7778,
                15.0314
              ],
              [
                99.7825,
                15.0331
              ],
              [
                99.785,
                15.0412
              ],
              [
                99.7809,
                15.0492
              ],
              [
                99.7739,
                15.0546
              ],
              [
                99.7902,
                15.0709
              ],
              [
                99.8016,
                15.0884
              ],
              [
                99.8071,
                15.0933
              ],
              [
                99.7921,
                15.1154
              ],
              [
                99.7857,
                15.123
              ],
              [
                99.7797,
                15.1273
              ],
              [
                99.7737,
                15.1383
              ],
              [
                99.7675,
                15.1427
              ],
              [
                99.7619,
                15.1504
              ],
              [
                99.7489,
                15.163
              ],
              [
                99.7606,
                15.1738
              ],
              [
                99.7538,
                15.1837
              ],
              [
                99.7467,
                15.1883
              ],
              [
                99.7352,
                15.2033
              ],
              [
                99.7329,
                15.2089
              ],
              [
                99.7307,
                15.2096
              ],
              [
                99.727,
                15.2153
              ],
              [
                99.7224,
                15.228
              ],
              [
                99.7242,
                15.2373
              ],
              [
                99.7327,
                15.2445
              ],
              [
                99.7222,
                15.2569
              ],
              [
                99.7266,
                15.2629
              ],
              [
                99.726,
                15.2654
              ],
              [
                99.7217,
                15.2677
              ],
              [
                99.7207,
                15.2732
              ],
              [
                99.722,
                15.2769
              ],
              [
                99.7394,
                15.2918
              ],
              [
                99.7522,
                15.2956
              ],
              [
                99.7553,
                15.2941
              ],
              [
                99.7715,
                15.3016
              ],
              [
                99.7773,
                15.3063
              ],
              [
                99.7791,
                15.3097
              ],
              [
                99.783,
                15.3105
              ],
              [
                99.7888,
                15.317
              ],
              [
                99.7943,
                15.3155
              ],
              [
                99.7961,
                15.3167
              ],
              [
                99.8093,
                15.3164
              ],
              [
                99.835,
                15.3085
              ],
              [
                99.8451,
                15.3078
              ],
              [
                99.8517,
                15.3102
              ],
              [
                99.8575,
                15.3052
              ],
              [
                99.8651,
                15.3035
              ],
              [
                99.87,
                15.3043
              ],
              [
                99.8764,
                15.302
              ],
              [
                99.8791,
                15.2983
              ],
              [
                99.8788,
                15.2915
              ],
              [
                99.8847,
                15.2862
              ],
              [
                99.891,
                15.2907
              ],
              [
                99.8933,
                15.2899
              ],
              [
                99.9007,
                15.2928
              ],
              [
                99.9064,
                15.293
              ],
              [
                99.9187,
                15.2978
              ],
              [
                99.9286,
                15.2984
              ],
              [
                99.9307,
                15.2971
              ],
              [
                99.9333,
                15.2981
              ],
              [
                99.9336,
                15.3006
              ],
              [
                99.9359,
                15.2995
              ],
              [
                99.9375,
                15.3011
              ],
              [
                99.9406,
                15.3003
              ],
              [
                99.9582,
                15.3041
              ],
              [
                99.9616,
                15.3
              ],
              [
                99.966,
                15.2981
              ],
              [
                99.9743,
                15.2981
              ],
              [
                99.9902,
                15.3014
              ],
              [
                99.997,
                15.2989
              ],
              [
                99.9988,
                15.3002
              ],
              [
                100.0057,
                15.3002
              ],
              [
                100.0072,
                15.2985
              ],
              [
                100.0121,
                15.2986
              ],
              [
                100.016,
                15.2956
              ],
              [
                100.0171,
                15.2927
              ],
              [
                100.025,
                15.2895
              ],
              [
                100.0294,
                15.2917
              ],
              [
                100.0321,
                15.2903
              ],
              [
                100.0393,
                15.2921
              ],
              [
                100.0416,
                15.2945
              ],
              [
                100.049,
                15.2886
              ],
              [
                100.055,
                15.2868
              ],
              [
                100.0559,
                15.2832
              ],
              [
                100.0545,
                15.2794
              ],
              [
                100.0576,
                15.2738
              ],
              [
                100.0633,
                15.2839
              ],
              [
                100.0757,
                15.2913
              ],
              [
                100.0789,
                15.2953
              ],
              [
                100.0807,
                15.3044
              ],
              [
                100.0783,
                15.3139
              ],
              [
                100.0796,
                15.3179
              ],
              [
                100.096,
                15.3286
              ],
              [
                100.1006,
                15.336
              ],
              [
                100.1006,
                15.3456
              ],
              [
                100.0984,
                15.3497
              ],
              [
                100.0796,
                15.3631
              ],
              [
                100.0752,
                15.3691
              ],
              [
                100.0776,
                15.3763
              ],
              [
                100.0819,
                15.3792
              ],
              [
                100.1013,
                15.3719
              ],
              [
                100.106,
                15.374
              ],
              [
                100.1063,
                15.3788
              ],
              [
                100.1043,
                15.3818
              ],
              [
                100.0919,
                15.3925
              ],
              [
                100.0882,
                15.4017
              ],
              [
                100.0882,
                15.4069
              ],
              [
                100.0907,
                15.4115
              ],
              [
                100.0949,
                15.4143
              ],
              [
                100.1033,
                15.4166
              ],
              [
                100.116,
                15.4116
              ],
              [
                100.1248,
                15.4108
              ],
              [
                100.127,
                15.4099
              ],
              [
                100.1317,
                15.4029
              ],
              [
                100.1387,
                15.4022
              ],
              [
                100.1418,
                15.3954
              ],
              [
                100.1393,
                15.3875
              ],
              [
                100.1421,
                15.3848
              ],
              [
                100.1454,
                15.3886
              ],
              [
                100.1504,
                15.389
              ],
              [
                100.1595,
                15.385
              ],
              [
                100.1675,
                15.3786
              ],
              [
                100.1701,
                15.3736
              ],
              [
                100.1889,
                15.3697
              ],
              [
                100.202,
                15.3639
              ],
              [
                100.2101,
                15.356
              ],
              [
                100.2128,
                15.3503
              ],
              [
                100.2255,
                15.3389
              ],
              [
                100.2474,
                15.3096
              ],
              [
                100.2501,
                15.3016
              ],
              [
                100.2561,
                15.296
              ],
              [
                100.2558,
                15.2907
              ],
              [
                100.2634,
                15.2876
              ],
              [
                100.2639,
                15.2767
              ],
              [
                100.2669,
                15.2735
              ],
              [
                100.2678,
                15.2645
              ],
              [
                100.2708,
                15.2561
              ],
              [
                100.2704,
                15.2481
              ],
              [
                100.2748,
                15.2404
              ],
              [
                100.2749,
                15.2371
              ],
              [
                100.2778,
                15.2344
              ],
              [
                100.2826,
                15.2331
              ],
              [
                100.284,
                15.2308
              ],
              [
                100.291,
                15.1959
              ]
            ]
          ]
        ]
      }
    },
    {
      "type": "Feature",
      "properties": {
        "prov_id": "SINGBURI",
        "name_th": "สิงห์บุรี",
        "name_en": "Sing Buri",
        "geom_source": "GADM4.1"
      },
      "geometry": {
        "type": "MultiPolygon",
        "coordinates": [
          [
            [
              [
                100.4659,
                14.7182
              ],
              [
                100.4618,
                14.7215
              ],
              [
                100.4427,
                14.7262
              ],
              [
                100.4275,
                14.7263
              ],
              [
                100.4187,
                14.7246
              ],
              [
                100.4162,
                14.7264
              ],
              [
                100.4174,
                14.7333
              ],
              [
                100.4149,
                14.7365
              ],
              [
                100.4179,
                14.7403
              ],
              [
                100.4175,
                14.7474
              ],
              [
                100.4239,
                14.7466
              ],
              [
                100.426,
                14.7478
              ],
              [
                100.4263,
                14.7503
              ],
              [
                100.4146,
                14.7507
              ],
              [
                100.4081,
                14.7543
              ],
              [
                100.3942,
                14.7434
              ],
              [
                100.3821,
                14.7412
              ],
              [
                100.3778,
                14.754
              ],
              [
                100.3702,
                14.7632
              ],
              [
                100.3646,
                14.7636
              ],
              [
                100.3566,
                14.7582
              ],
              [
                100.3547,
                14.7587
              ],
              [
                100.3512,
                14.767
              ],
              [
                100.3449,
                14.7674
              ],
              [
                100.3427,
                14.7691
              ],
              [
                100.3438,
                14.785
              ],
              [
                100.3387,
                14.7881
              ],
              [
                100.3374,
                14.7933
              ],
              [
                100.33,
                14.8008
              ],
              [
                100.3131,
                14.7965
              ],
              [
                100.3113,
                14.7945
              ],
              [
                100.3152,
                14.791
              ],
              [
                100.3139,
                14.7874
              ],
              [
                100.3043,
                14.7864
              ],
              [
                100.3021,
                14.7883
              ],
              [
                100.2995,
                14.7871
              ],
              [
                100.295,
                14.7807
              ],
              [
                100.292,
                14.7839
              ],
              [
                100.2783,
                14.7902
              ],
              [
                100.2746,
                14.7969
              ],
              [
                100.2656,
                14.7945
              ],
              [
                100.2513,
                14.7949
              ],
              [
                100.2469,
                14.797
              ],
              [
                100.2368,
                14.7937
              ],
              [
                100.2308,
                14.7889
              ],
              [
                100.2285,
                14.7896
              ],
              [
                100.2252,
                14.7965
              ],
              [
                100.2185,
                14.7965
              ],
              [
                100.2153,
                14.8052
              ],
              [
                100.2074,
                14.8068
              ],
              [
                100.2053,
                14.809
              ],
              [
                100.21,
                14.8223
              ],
              [
                100.2105,
                14.8326
              ],
              [
                100.219,
                14.8418
              ],
              [
                100.2175,
                14.8485
              ],
              [
                100.2194,
                14.8526
              ],
              [
                100.2188,
                14.8575
              ],
              [
                100.2222,
                14.8641
              ],
              [
                100.218,
                14.8697
              ],
              [
                100.2178,
                14.8723
              ],
              [
                100.225,
                14.8794
              ],
              [
                100.2256,
                14.8818
              ],
              [
                100.2241,
                14.8843
              ],
              [
                100.22,
                14.885
              ],
              [
                100.2135,
                14.8826
              ],
              [
                100.211,
                14.8834
              ],
              [
                100.2078,
                14.8912
              ],
              [
                100.2078,
                14.8979
              ],
              [
                100.2165,
                14.8972
              ],
              [
                100.2225,
                14.9012
              ],
              [
                100.2233,
                14.9041
              ],
              [
                100.2186,
                14.9088
              ],
              [
                100.1972,
                14.9027
              ],
              [
                100.1875,
                14.9063
              ],
              [
                100.1864,
                14.9182
              ],
              [
                100.183,
                14.9237
              ],
              [
                100.1828,
                14.9332
              ],
              [
                100.1898,
                14.937
              ],
              [
                100.1974,
                14.9378
              ],
              [
                100.2019,
                14.9466
              ],
              [
                100.203,
                14.953
              ],
              [
                100.2432,
                14.9453
              ],
              [
                100.261,
                14.9435
              ],
              [
                100.2646,
                14.9466
              ],
              [
                100.2646,
                14.9488
              ],
              [
                100.2734,
                14.9512
              ],
              [
                100.2746,
                14.9573
              ],
              [
                100.2793,
                14.9589
              ],
              [
                100.2747,
                14.9724
              ],
              [
                100.2614,
                14.9888
              ],
              [
                100.2621,
                14.9933
              ],
              [
                100.2713,
                15.0002
              ],
              [
                100.2698,
                15.0083
              ],
              [
                100.2643,
                15.0102
              ],
              [
                100.2578,
                15.006
              ],
              [
                100.2531,
                15.0105
              ],
              [
                100.2515,
                15.0181
              ],
              [
                100.2483,
                15.0162
              ],
              [
                100.2461,
                15.0168
              ],
              [
                100.2472,
                15.0214
              ],
              [
                100.2413,
                15.0239
              ],
              [
                100.2371,
                15.0212
              ],
              [
                100.2335,
                15.024
              ],
              [
                100.2296,
                15.0445
              ],
              [
                100.2338,
                15.0541
              ],
              [
                100.2368,
                15.0568
              ],
              [
                100.2422,
                15.0545
              ],
              [
                100.2469,
                15.0566
              ],
              [
                100.2606,
                15.0571
              ],
              [
                100.277,
                15.0651
              ],
              [
                100.2838,
                15.063
              ],
              [
                100.2948,
                15.0652
              ],
              [
                100.2955,
                15.0702
              ],
              [
                100.2927,
                15.0759
              ],
              [
                100.2972,
                15.0824
              ],
              [
                100.3004,
                15.0843
              ],
              [
                100.3078,
                15.085
              ],
              [
                100.3188,
                15.0906
              ],
              [
                100.344,
                15.1097
              ],
              [
                100.351,
                15.1051
              ],
              [
                100.3544,
                15.1003
              ],
              [
                100.3822,
                15.0924
              ],
              [
                100.4309,
                15.0493
              ],
              [
                100.4495,
                15.0371
              ],
              [
                100.4714,
                15.0293
              ],
              [
                100.4721,
                15.0225
              ],
              [
                100.4647,
                15.0019
              ],
              [
                100.4548,
                14.9903
              ],
              [
                100.4487,
                14.9912
              ],
              [
                100.4516,
                14.9827
              ],
              [
                100.4542,
                14.9621
              ],
              [
                100.4505,
                14.9427
              ],
              [
                100.4491,
                14.9399
              ],
              [
                100.4268,
                14.9308
              ],
              [
                100.4324,
                14.914
              ],
              [
                100.4319,
                14.8979
              ],
              [
                100.4359,
                14.8909
              ],
              [
                100.4403,
                14.8884
              ],
              [
                100.4388,
                14.8831
              ],
              [
                100.4397,
                14.8785
              ],
              [
                100.4367,
                14.8701
              ],
              [
                100.438,
                14.8675
              ],
              [
                100.4459,
                14.8665
              ],
              [
                100.4475,
                14.8577
              ],
              [
                100.4501,
                14.856
              ],
              [
                100.4593,
                14.8555
              ],
              [
                100.4603,
                14.8435
              ],
              [
                100.469,
                14.8348
              ],
              [
                100.4668,
                14.833
              ],
              [
                100.4665,
                14.8207
              ],
              [
                100.4686,
                14.8146
              ],
              [
                100.4756,
                14.8049
              ],
              [
                100.4735,
                14.7988
              ],
              [
                100.4743,
                14.7945
              ],
              [
                100.4713,
                14.7863
              ],
              [
                100.4746,
                14.7804
              ],
              [
                100.476,
                14.7718
              ],
              [
                100.4733,
                14.7678
              ],
              [
                100.4739,
                14.7612
              ],
              [
                100.4754,
                14.759
              ],
              [
                100.4848,
                14.7552
              ],
              [
                100.4897,
                14.7471
              ],
              [
                100.4849,
                14.7433
              ],
              [
                100.4861,
                14.738
              ],
              [
                100.4838,
                14.7365
              ],
              [
                100.4793,
                14.7373
              ],
              [
                100.4781,
                14.7348
              ],
              [
                100.4791,
                14.7322
              ],
              [
                100.4749,
                14.7287
              ],
              [
                100.4764,
                14.7253
              ],
              [
                100.4751,
                14.7209
              ],
              [
                100.4727,
                14.7212
              ],
              [
                100.4684,
                14.714
              ],
              [
                100.4659,
                14.7182
              ]
            ]
          ]
        ]
      }
    },
    {
      "type": "Feature",
      "properties": {
        "prov_id": "ANGTHONG",
        "name_th": "อ่างทอง",
        "name_en": "Ang Thong",
        "geom_source": "GADM4.1"
      },
      "geometry": {
        "type": "MultiPolygon",
        "coordinates": [
          [
            [
              [
                100.3837,
                14.7422
              ],
              [
                100.3942,
                14.7434
              ],
              [
                100.4081,
                14.7543
              ],
              [
                100.4146,
                14.7507
              ],
              [
                100.4263,
                14.7503
              ],
              [
                100.426,
                14.7478
              ],
              [
                100.4239,
                14.7466
              ],
              [
                100.4175,
                14.7474
              ],
              [
                100.4179,
                14.7403
              ],
              [
                100.4149,
                14.7365
              ],
              [
                100.4174,
                14.7333
              ],
              [
                100.4162,
                14.7264
              ],
              [
                100.4187,
                14.7246
              ],
              [
                100.4275,
                14.7263
              ],
              [
                100.4427,
                14.7262
              ],
              [
                100.4638,
                14.7207
              ],
              [
                100.4671,
                14.7142
              ],
              [
                100.4698,
                14.7147
              ],
              [
                100.4705,
                14.7077
              ],
              [
                100.4748,
                14.7056
              ],
              [
                100.478,
                14.7015
              ],
              [
                100.4911,
                14.6958
              ],
              [
                100.4965,
                14.6972
              ],
              [
                100.5012,
                14.6876
              ],
              [
                100.5044,
                14.6846
              ],
              [
                100.5043,
                14.68
              ],
              [
                100.5167,
                14.6797
              ],
              [
                100.5153,
                14.6741
              ],
              [
                100.5105,
                14.6742
              ],
              [
                100.511,
                14.673
              ],
              [
                100.5074,
                14.6719
              ],
              [
                100.5079,
                14.6686
              ],
              [
                100.5047,
                14.6585
              ],
              [
                100.4995,
                14.6562
              ],
              [
                100.4982,
                14.6529
              ],
              [
                100.5025,
                14.6458
              ],
              [
                100.5014,
                14.6399
              ],
              [
                100.5026,
                14.6366
              ],
              [
                100.5006,
                14.6338
              ],
              [
                100.5041,
                14.6288
              ],
              [
                100.4996,
                14.6245
              ],
              [
                100.5014,
                14.6177
              ],
              [
                100.4936,
                14.6108
              ],
              [
                100.4926,
                14.6077
              ],
              [
                100.4941,
                14.5882
              ],
              [
                100.493,
                14.5794
              ],
              [
                100.4861,
                14.5686
              ],
              [
                100.4823,
                14.5678
              ],
              [
                100.4793,
                14.5644
              ],
              [
                100.4921,
                14.5497
              ],
              [
                100.4924,
                14.531
              ],
              [
                100.4985,
                14.5243
              ],
              [
                100.499,
                14.5172
              ],
              [
                100.4931,
                14.5146
              ],
              [
                100.4924,
                14.5117
              ],
              [
                100.5014,
                14.5012
              ],
              [
                100.4987,
                14.4897
              ],
              [
                100.4994,
                14.4655
              ],
              [
                100.5009,
                14.4591
              ],
              [
                100.4928,
                14.4579
              ],
              [
                100.4797,
                14.4494
              ],
              [
                100.4773,
                14.4449
              ],
              [
                100.4613,
                14.4377
              ],
              [
                100.4585,
                14.4407
              ],
              [
                100.4495,
                14.4366
              ],
              [
                100.4431,
                14.4362
              ],
              [
                100.438,
                14.446
              ],
              [
                100.4189,
                14.4432
              ],
              [
                100.4173,
                14.4692
              ],
              [
                100.4192,
                14.4787
              ],
              [
                100.4154,
                14.4889
              ],
              [
                100.4154,
                14.5004
              ],
              [
                100.4141,
                14.5045
              ],
              [
                100.41,
                14.509
              ],
              [
                100.4036,
                14.5057
              ],
              [
                100.4019,
                14.5072
              ],
              [
                100.4,
                14.5062
              ],
              [
                100.3894,
                14.508
              ],
              [
                100.3845,
                14.5069
              ],
              [
                100.3812,
                14.5058
              ],
              [
                100.3754,
                14.5012
              ],
              [
                100.3753,
                14.4996
              ],
              [
                100.3691,
                14.4979
              ],
              [
                100.3493,
                14.4977
              ],
              [
                100.3412,
                14.4923
              ],
              [
                100.3339,
                14.4919
              ],
              [
                100.3216,
                14.4877
              ],
              [
                100.3177,
                14.4882
              ],
              [
                100.3081,
                14.4935
              ],
              [
                100.2872,
                14.4964
              ],
              [
                100.2822,
                14.488
              ],
              [
                100.2791,
                14.4858
              ],
              [
                100.2744,
                14.4859
              ],
              [
                100.2664,
                14.4891
              ],
              [
                100.2588,
                14.4895
              ],
              [
                100.2561,
                14.4821
              ],
              [
                100.2542,
                14.4807
              ],
              [
                100.2507,
                14.4849
              ],
              [
                100.2424,
                14.4806
              ],
              [
                100.2326,
                14.4888
              ],
              [
                100.2309,
                14.496
              ],
              [
                100.2288,
                14.4985
              ],
              [
                100.2294,
                14.502
              ],
              [
                100.2265,
                14.5065
              ],
              [
                100.2139,
                14.5144
              ],
              [
                100.2076,
                14.5218
              ],
              [
                100.2065,
                14.532
              ],
              [
                100.2092,
                14.5383
              ],
              [
                100.1972,
                14.5552
              ],
              [
                100.1983,
                14.5652
              ],
              [
                100.2085,
                14.572
              ],
              [
                100.2107,
                14.5744
              ],
              [
                100.2112,
                14.5778
              ],
              [
                100.204,
                14.5866
              ],
              [
                100.2027,
                14.5956
              ],
              [
                100.199,
                14.6031
              ],
              [
                100.1955,
                14.6057
              ],
              [
                100.196,
                14.6075
              ],
              [
                100.2268,
                14.64
              ],
              [
                100.2316,
                14.6504
              ],
              [
                100.2224,
                14.6703
              ],
              [
                100.2207,
                14.6724
              ],
              [
                100.2135,
                14.6749
              ],
              [
                100.2094,
                14.6823
              ],
              [
                100.2101,
                14.6848
              ],
              [
                100.2161,
                14.6903
              ],
              [
                100.2168,
                14.6955
              ],
              [
                100.215,
                14.7039
              ],
              [
                100.217,
                14.7146
              ],
              [
                100.2163,
                14.7216
              ],
              [
                100.2068,
                14.7401
              ],
              [
                100.2084,
                14.7573
              ],
              [
                100.2124,
                14.7658
              ],
              [
                100.2128,
                14.7703
              ],
              [
                100.2097,
                14.7739
              ],
              [
                100.2114,
                14.7765
              ],
              [
                100.2236,
                14.7795
              ],
              [
                100.2284,
                14.7862
              ],
              [
                100.2285,
                14.7896
              ],
              [
                100.2308,
                14.7889
              ],
              [
                100.2368,
                14.7937
              ],
              [
                100.2469,
                14.797
              ],
              [
                100.2513,
                14.7949
              ],
              [
                100.2656,
                14.7945
              ],
              [
                100.2746,
                14.7969
              ],
              [
                100.2783,
                14.7902
              ],
              [
                100.292,
                14.7839
              ],
              [
                100.295,
                14.7807
              ],
              [
                100.2995,
                14.7871
              ],
              [
                100.3021,
                14.7883
              ],
              [
                100.3043,
                14.7864
              ],
              [
                100.3139,
                14.7874
              ],
              [
                100.3152,
                14.791
              ],
              [
                100.3113,
                14.7945
              ],
              [
                100.3131,
                14.7965
              ],
              [
                100.33,
                14.8008
              ],
              [
                100.3374,
                14.7933
              ],
              [
                100.3387,
                14.7881
              ],
              [
                100.3438,
                14.785
              ],
              [
                100.3421,
                14.7719
              ],
              [
                100.3437,
                14.768
              ],
              [
                100.3512,
                14.767
              ],
              [
                100.3547,
                14.7587
              ],
              [
                100.3566,
                14.7582
              ],
              [
                100.3646,
                14.7636
              ],
              [
                100.3702,
                14.7632
              ],
              [
                100.3778,
                14.754
              ],
              [
                100.3821,
                14.7412
              ],
              [
                100.3837,
                14.7422
              ]
            ]
          ]
        ]
      }
    },
    {
      "type": "Feature",
      "properties": {
        "prov_id": "AYUTTHAYA",
        "name_th": "พระนครศรีอยุธยา",
        "name_en": "Ayutthaya",
        "geom_source": "GADM4.1"
      },
      "geometry": {
        "type": "MultiPolygon",
        "coordinates": [
          [
            [
              [
                100.279,
                14.1696
              ],
              [
                100.2475,
                14.1731
              ],
              [
                100.2452,
                14.1828
              ],
              [
                100.2432,
                14.2086
              ],
              [
                100.2445,
                14.2097
              ],
              [
                100.2437,
                14.2835
              ],
              [
                100.2555,
                14.2957
              ],
              [
                100.2607,
                14.3055
              ],
              [
                100.2611,
                14.3158
              ],
              [
                100.263,
                14.3197
              ],
              [
                100.2684,
                14.3244
              ],
              [
                100.2681,
                14.3818
              ],
              [
                100.2807,
                14.3947
              ],
              [
                100.2823,
                14.4019
              ],
              [
                100.2771,
                14.4098
              ],
              [
                100.274,
                14.428
              ],
              [
                100.2643,
                14.4266
              ],
              [
                100.2494,
                14.4355
              ],
              [
                100.2515,
                14.4394
              ],
              [
                100.2491,
                14.4495
              ],
              [
                100.2454,
                14.4549
              ],
              [
                100.2452,
                14.4594
              ],
              [
                100.2507,
                14.4765
              ],
              [
                100.2561,
                14.4821
              ],
              [
                100.2588,
                14.4895
              ],
              [
                100.2664,
                14.4891
              ],
              [
                100.2744,
                14.4859
              ],
              [
                100.2791,
                14.4858
              ],
              [
                100.2822,
                14.488
              ],
              [
                100.2851,
                14.4945
              ],
              [
                100.2896,
                14.4965
              ],
              [
                100.3081,
                14.4935
              ],
              [
                100.3177,
                14.4882
              ],
              [
                100.3216,
                14.4877
              ],
              [
                100.3339,
                14.4919
              ],
              [
                100.3412,
                14.4923
              ],
              [
                100.3493,
                14.4977
              ],
              [
                100.3691,
                14.4979
              ],
              [
                100.3753,
                14.4996
              ],
              [
                100.3754,
                14.5012
              ],
              [
                100.3812,
                14.5058
              ],
              [
                100.3845,
                14.5069
              ],
              [
                100.3894,
                14.508
              ],
              [
                100.4,
                14.5062
              ],
              [
                100.4019,
                14.5072
              ],
              [
                100.4036,
                14.5057
              ],
              [
                100.41,
                14.509
              ],
              [
                100.4141,
                14.5045
              ],
              [
                100.4154,
                14.5004
              ],
              [
                100.4154,
                14.4889
              ],
              [
                100.4192,
                14.4787
              ],
              [
                100.4173,
                14.4692
              ],
              [
                100.4189,
                14.4432
              ],
              [
                100.438,
                14.446
              ],
              [
                100.4431,
                14.4362
              ],
              [
                100.4495,
                14.4366
              ],
              [
                100.4585,
                14.4407
              ],
              [
                100.4613,
                14.4377
              ],
              [
                100.4773,
                14.4449
              ],
              [
                100.4797,
                14.4494
              ],
              [
                100.4928,
                14.4579
              ],
              [
                100.5009,
                14.4591
              ],
              [
                100.4994,
                14.4655
              ],
              [
                100.4987,
                14.4897
              ],
              [
                100.5014,
                14.5012
              ],
              [
                100.4924,
                14.5117
              ],
              [
                100.4931,
                14.5146
              ],
              [
                100.499,
                14.5172
              ],
              [
                100.4985,
                14.5243
              ],
              [
                100.4924,
                14.531
              ],
              [
                100.4921,
                14.5497
              ],
              [
                100.4793,
                14.5644
              ],
              [
                100.4823,
                14.5678
              ],
              [
                100.4861,
                14.5686
              ],
              [
                100.493,
                14.5794
              ],
              [
                100.4941,
                14.5882
              ],
              [
                100.4926,
                14.6077
              ],
              [
                100.4936,
                14.6108
              ],
              [
                100.5014,
                14.6177
              ],
              [
                100.4996,
                14.6245
              ],
              [
                100.5041,
                14.6288
              ],
              [
                100.5006,
                14.6338
              ],
              [
                100.5026,
                14.6366
              ],
              [
                100.5014,
                14.6399
              ],
              [
                100.5025,
                14.6458
              ],
              [
                100.4982,
                14.6529
              ],
              [
                100.4995,
                14.6562
              ],
              [
                100.5047,
                14.6585
              ],
              [
                100.5079,
                14.6686
              ],
              [
                100.5074,
                14.6719
              ],
              [
                100.511,
                14.673
              ],
              [
                100.5156,
                14.6603
              ],
              [
                100.5313,
                14.6669
              ],
              [
                100.5376,
                14.666
              ],
              [
                100.5383,
                14.6677
              ],
              [
                100.545,
                14.6679
              ],
              [
                100.5501,
                14.6709
              ],
              [
                100.554,
                14.6648
              ],
              [
                100.5527,
                14.6622
              ],
              [
                100.5546,
                14.6598
              ],
              [
                100.5601,
                14.6588
              ],
              [
                100.567,
                14.6621
              ],
              [
                100.5752,
                14.66
              ],
              [
                100.5836,
                14.664
              ],
              [
                100.6039,
                14.6537
              ],
              [
                100.5863,
                14.6309
              ],
              [
                100.5782,
                14.6057
              ],
              [
                100.5787,
                14.5977
              ],
              [
                100.5766,
                14.596
              ],
              [
                100.582,
                14.589
              ],
              [
                100.594,
                14.5839
              ],
              [
                100.6046,
                14.5766
              ],
              [
                100.6026,
                14.5543
              ],
              [
                100.6055,
                14.5529
              ],
              [
                100.625,
                14.5537
              ],
              [
                100.6407,
                14.5492
              ],
              [
                100.6496,
                14.5486
              ],
              [
                100.6619,
                14.5498
              ],
              [
                100.6699,
                14.5524
              ],
              [
                100.6721,
                14.5534
              ],
              [
                100.67,
                14.5594
              ],
              [
                100.6723,
                14.5652
              ],
              [
                100.6732,
                14.5748
              ],
              [
                100.6774,
                14.5747
              ],
              [
                100.6756,
                14.5802
              ],
              [
                100.6921,
                14.5828
              ],
              [
                100.702,
                14.5725
              ],
              [
                100.7033,
                14.5754
              ],
              [
                100.7162,
                14.5791
              ],
              [
                100.7174,
                14.5703
              ],
              [
                100.7312,
                14.5701
              ],
              [
                100.7314,
                14.5804
              ],
              [
                100.7432,
                14.5687
              ],
              [
                100.757,
                14.5688
              ],
              [
                100.771,
                14.5649
              ],
              [
                100.7839,
                14.5665
              ],
              [
                100.7827,
                14.5593
              ],
              [
                100.7792,
                14.5561
              ],
              [
                100.7767,
                14.5497
              ],
              [
                100.7808,
                14.5375
              ],
              [
                100.7805,
                14.5304
              ],
              [
                100.7763,
                14.5254
              ],
              [
                100.7641,
                14.522
              ],
              [
                100.7606,
                14.5178
              ],
              [
                100.7494,
                14.5164
              ],
              [
                100.7502,
                14.5092
              ],
              [
                100.7531,
                14.5051
              ],
              [
                100.7591,
                14.5023
              ],
              [
                100.7617,
                14.4934
              ],
              [
                100.7649,
                14.4919
              ],
              [
                100.7667,
                14.4965
              ],
              [
                100.7727,
                14.4922
              ],
              [
                100.7718,
                14.4894
              ],
              [
                100.7666,
                14.4856
              ],
              [
                100.766,
                14.4828
              ],
              [
                100.7737,
                14.4819
              ],
              [
                100.7741,
                14.4783
              ],
              [
                100.7674,
                14.4766
              ],
              [
                100.7701,
                14.4731
              ],
              [
                100.769,
                14.4689
              ],
              [
                100.7712,
                14.4634
              ],
              [
                100.7686,
                14.4599
              ],
              [
                100.7667,
                14.4519
              ],
              [
                100.7626,
                14.4503
              ],
              [
                100.7708,
                14.4333
              ],
              [
                100.7675,
                14.431
              ],
              [
                100.7694,
                14.4208
              ],
              [
                100.7664,
                14.4163
              ],
              [
                100.7607,
                14.4126
              ],
              [
                100.7622,
                14.4097
              ],
              [
                100.7708,
                14.4057
              ],
              [
                100.7743,
                14.4059
              ],
              [
                100.778,
                14.4097
              ],
              [
                100.7807,
                14.4089
              ],
              [
                100.7826,
                14.4064
              ],
              [
                100.7826,
                14.397
              ],
              [
                100.7868,
                14.3943
              ],
              [
                100.7948,
                14.3926
              ],
              [
                100.798,
                14.3892
              ],
              [
                100.7937,
                14.3868
              ],
              [
                100.7893,
                14.3785
              ],
              [
                100.7864,
                14.378
              ],
              [
                100.7886,
                14.3719
              ],
              [
                100.788,
                14.3646
              ],
              [
                100.7898,
                14.3624
              ],
              [
                100.7936,
                14.3617
              ],
              [
                100.7866,
                14.3523
              ],
              [
                100.7834,
                14.3385
              ],
              [
                100.7748,
                14.3298
              ],
              [
                100.7739,
                14.327
              ],
              [
                100.7773,
                14.3244
              ],
              [
                100.7887,
                14.3215
              ],
              [
                100.8003,
                14.3241
              ],
              [
                100.8134,
                14.3243
              ],
              [
                100.8178,
                14.3277
              ],
              [
                100.8229,
                14.3283
              ],
              [
                100.8244,
                14.3263
              ],
              [
                100.8253,
                14.2426
              ],
              [
                100.7842,
                14.2246
              ],
              [
                100.6231,
                14.1425
              ],
              [
                100.621,
                14.1405
              ],
              [
                100.6207,
                14.1317
              ],
              [
                100.6189,
                14.1279
              ],
              [
                100.6162,
                14.128
              ],
              [
                100.6088,
                14.1335
              ],
              [
                100.6035,
                14.1333
              ],
              [
                100.5829,
                14.1269
              ],
              [
                100.575,
                14.121
              ],
              [
                100.5644,
                14.1206
              ],
              [
                100.5619,
                14.1175
              ],
              [
                100.5566,
                14.1179
              ],
              [
                100.5542,
                14.1152
              ],
              [
                100.5552,
                14.1135
              ],
              [
                100.5542,
                14.1117
              ],
              [
                100.5495,
                14.1111
              ],
              [
                100.5437,
                14.115
              ],
              [
                100.531,
                14.1183
              ],
              [
                100.5273,
                14.1223
              ],
              [
                100.5222,
                14.1231
              ],
              [
                100.5175,
                14.1269
              ],
              [
                100.4952,
                14.1139
              ],
              [
                100.4788,
                14.1101
              ],
              [
                100.4649,
                14.1114
              ],
              [
                100.4551,
                14.1149
              ],
              [
                100.4372,
                14.1129
              ],
              [
                100.3907,
                14.1142
              ],
              [
                100.3483,
                14.1127
              ],
              [
                100.3454,
                14.1139
              ],
              [
                100.3364,
                14.1262
              ],
              [
                100.3212,
                14.1287
              ],
              [
                100.3001,
                14.1392
              ],
              [
                100.2975,
                14.1387
              ],
              [
                100.2808,
                14.1243
              ],
              [
                100.2853,
                14.1666
              ],
              [
                100.2849,
                14.1689
              ],
              [
                100.279,
                14.1696
              ]
            ]
          ]
        ]
      }
    },
    {
      "type": "Feature",
      "properties": {
        "prov_id": "PATHUMTHANI",
        "name_th": "ปทุมธานี",
        "name_en": "Pathum Thani",
        "geom_source": "GADM4.1"
      },
      "geometry": {
        "type": "MultiPolygon",
        "coordinates": [
          [
            [
              [
                100.4944,
                13.9399
              ],
              [
                100.4805,
                13.9556
              ],
              [
                100.4643,
                13.9707
              ],
              [
                100.4605,
                13.9704
              ],
              [
                100.4554,
                13.966
              ],
              [
                100.4538,
                13.9664
              ],
              [
                100.4414,
                13.976
              ],
              [
                100.4332,
                13.9801
              ],
              [
                100.3901,
                13.9913
              ],
              [
                100.3861,
                13.9862
              ],
              [
                100.3682,
                13.9896
              ],
              [
                100.3638,
                13.9914
              ],
              [
                100.356,
                13.9983
              ],
              [
                100.3564,
                14.0004
              ],
              [
                100.3381,
                14.0353
              ],
              [
                100.3329,
                14.0538
              ],
              [
                100.3338,
                14.0669
              ],
              [
                100.342,
                14.0934
              ],
              [
                100.3454,
                14.1139
              ],
              [
                100.3555,
                14.1124
              ],
              [
                100.3907,
                14.1142
              ],
              [
                100.4372,
                14.1129
              ],
              [
                100.4551,
                14.1149
              ],
              [
                100.4649,
                14.1114
              ],
              [
                100.4788,
                14.1101
              ],
              [
                100.4952,
                14.1139
              ],
              [
                100.5175,
                14.1269
              ],
              [
                100.5222,
                14.1231
              ],
              [
                100.5273,
                14.1223
              ],
              [
                100.531,
                14.1183
              ],
              [
                100.5437,
                14.115
              ],
              [
                100.5495,
                14.1111
              ],
              [
                100.5542,
                14.1117
              ],
              [
                100.5552,
                14.1135
              ],
              [
                100.5542,
                14.1152
              ],
              [
                100.557,
                14.1181
              ],
              [
                100.5619,
                14.1175
              ],
              [
                100.5644,
                14.1206
              ],
              [
                100.575,
                14.121
              ],
              [
                100.5829,
                14.1269
              ],
              [
                100.6035,
                14.1333
              ],
              [
                100.6088,
                14.1335
              ],
              [
                100.6162,
                14.128
              ],
              [
                100.6189,
                14.1279
              ],
              [
                100.6207,
                14.1317
              ],
              [
                100.621,
                14.1405
              ],
              [
                100.6231,
                14.1425
              ],
              [
                100.7842,
                14.2246
              ],
              [
                100.8027,
                14.232
              ],
              [
                100.8881,
                14.2721
              ],
              [
                100.8925,
                14.2733
              ],
              [
                100.8928,
                14.2505
              ],
              [
                100.8944,
                14.2431
              ],
              [
                100.9529,
                14.272
              ],
              [
                100.9511,
                14.2642
              ],
              [
                100.9518,
                14.2594
              ],
              [
                100.9471,
                14.2477
              ],
              [
                100.9474,
                14.2358
              ],
              [
                100.9157,
                14.219
              ],
              [
                100.9143,
                14.1179
              ],
              [
                100.9159,
                14.0813
              ],
              [
                100.9151,
                13.9443
              ],
              [
                100.8259,
                13.9335
              ],
              [
                100.8218,
                13.9357
              ],
              [
                100.7926,
                13.9299
              ],
              [
                100.7526,
                13.9169
              ],
              [
                100.7299,
                13.9157
              ],
              [
                100.7299,
                13.9187
              ],
              [
                100.7214,
                13.9168
              ],
              [
                100.7081,
                13.9169
              ],
              [
                100.7063,
                13.9193
              ],
              [
                100.7024,
                13.9191
              ],
              [
                100.6991,
                13.9227
              ],
              [
                100.6904,
                13.9246
              ],
              [
                100.6908,
                13.9289
              ],
              [
                100.6416,
                13.9306
              ],
              [
                100.6411,
                13.9366
              ],
              [
                100.6266,
                13.937
              ],
              [
                100.6264,
                13.948
              ],
              [
                100.6127,
                13.9542
              ],
              [
                100.6071,
                13.9526
              ],
              [
                100.606,
                13.9509
              ],
              [
                100.6071,
                13.9447
              ],
              [
                100.6052,
                13.9438
              ],
              [
                100.5898,
                13.9504
              ],
              [
                100.5755,
                13.9534
              ],
              [
                100.5651,
                13.9487
              ],
              [
                100.5507,
                13.9509
              ],
              [
                100.5415,
                13.9549
              ],
              [
                100.5363,
                13.9462
              ],
              [
                100.5262,
                13.9412
              ],
              [
                100.5241,
                13.9425
              ],
              [
                100.5098,
                13.9424
              ],
              [
                100.5014,
                13.936
              ],
              [
                100.4944,
                13.9399
              ]
            ]
          ]
        ]
      }
    },
    {
      "type": "Feature",
      "properties": {
        "prov_id": "NONTHABURI",
        "name_th": "นนทบุรี",
        "name_en": "Nonthaburi",
        "geom_source": "GADM4.1"
      },
      "geometry": {
        "type": "MultiPolygon",
        "coordinates": [
          [
            [
              [
                100.456,
                13.7972
              ],
              [
                100.4059,
                13.7999
              ],
              [
                100.4014,
                13.8015
              ],
              [
                100.3976,
                13.8004
              ],
              [
                100.3307,
                13.8032
              ],
              [
                100.32,
                13.8215
              ],
              [
                100.2782,
                13.9096
              ],
              [
                100.2762,
                13.9133
              ],
              [
                100.2652,
                13.9201
              ],
              [
                100.2709,
                13.9291
              ],
              [
                100.2874,
                13.9455
              ],
              [
                100.2989,
                13.9621
              ],
              [
                100.2872,
                13.9698
              ],
              [
                100.2711,
                13.9866
              ],
              [
                100.2691,
                13.9922
              ],
              [
                100.2766,
                14.0005
              ],
              [
                100.2664,
                14.008
              ],
              [
                100.2736,
                14.031
              ],
              [
                100.2744,
                14.07
              ],
              [
                100.2782,
                14.0846
              ],
              [
                100.2782,
                14.1016
              ],
              [
                100.2808,
                14.1243
              ],
              [
                100.2975,
                14.1387
              ],
              [
                100.3021,
                14.1389
              ],
              [
                100.3212,
                14.1287
              ],
              [
                100.3364,
                14.1262
              ],
              [
                100.3454,
                14.1139
              ],
              [
                100.342,
                14.0934
              ],
              [
                100.3338,
                14.0669
              ],
              [
                100.3329,
                14.0538
              ],
              [
                100.3381,
                14.0353
              ],
              [
                100.3459,
                14.0185
              ],
              [
                100.3564,
                14.0004
              ],
              [
                100.356,
                13.9983
              ],
              [
                100.3638,
                13.9914
              ],
              [
                100.3861,
                13.9862
              ],
              [
                100.3901,
                13.9913
              ],
              [
                100.4177,
                13.9832
              ],
              [
                100.4245,
                13.9826
              ],
              [
                100.4368,
                13.9787
              ],
              [
                100.4554,
                13.966
              ],
              [
                100.4605,
                13.9704
              ],
              [
                100.4643,
                13.9707
              ],
              [
                100.4805,
                13.9556
              ],
              [
                100.4952,
                13.9392
              ],
              [
                100.5014,
                13.936
              ],
              [
                100.5098,
                13.9424
              ],
              [
                100.5241,
                13.9425
              ],
              [
                100.5262,
                13.9412
              ],
              [
                100.5328,
                13.9441
              ],
              [
                100.5383,
                13.9485
              ],
              [
                100.5415,
                13.9549
              ],
              [
                100.5582,
                13.949
              ],
              [
                100.5687,
                13.949
              ],
              [
                100.5451,
                13.8489
              ],
              [
                100.5371,
                13.8451
              ],
              [
                100.5141,
                13.8246
              ],
              [
                100.5103,
                13.824
              ],
              [
                100.5078,
                13.8187
              ],
              [
                100.5083,
                13.8165
              ],
              [
                100.5169,
                13.8121
              ],
              [
                100.5019,
                13.7995
              ],
              [
                100.4715,
                13.7883
              ],
              [
                100.4687,
                13.7891
              ],
              [
                100.4705,
                13.7926
              ],
              [
                100.4695,
                13.7944
              ],
              [
                100.456,
                13.7972
              ]
            ]
          ]
        ]
      }
    },
    {
      "type": "Feature",
      "properties": {
        "prov_id": "BANGKOK",
        "name_th": "กรุงเทพมหานคร",
        "name_en": "Bangkok",
        "geom_source": "GADM4.1"
      },
      "geometry": {
        "type": "MultiPolygon",
        "coordinates": [
          [
            [
              [
                100.5193,
                13.6641
              ],
              [
                100.5187,
                13.6341
              ],
              [
                100.5157,
                13.627
              ],
              [
                100.5174,
                13.6134
              ],
              [
                100.5216,
                13.6044
              ],
              [
                100.5145,
                13.6019
              ],
              [
                100.513,
                13.6028
              ],
              [
                100.5124,
                13.601
              ],
              [
                100.5104,
                13.6006
              ],
              [
                100.5055,
                13.6039
              ],
              [
                100.502,
                13.6024
              ],
              [
                100.4937,
                13.6029
              ],
              [
                100.4819,
                13.607
              ],
              [
                100.4753,
                13.5987
              ],
              [
                100.4745,
                13.5941
              ],
              [
                100.4708,
                13.5927
              ],
              [
                100.4687,
                13.5951
              ],
              [
                100.468,
                13.6028
              ],
              [
                100.4647,
                13.6048
              ],
              [
                100.4555,
                13.6043
              ],
              [
                100.4479,
                13.5862
              ],
              [
                100.4453,
                13.5549
              ],
              [
                100.4532,
                13.5016
              ],
              [
                100.4431,
                13.4994
              ],
              [
                100.4369,
                13.4964
              ],
              [
                100.4353,
                13.4972
              ],
              [
                100.4303,
                13.4956
              ],
              [
                100.4261,
                13.4972
              ],
              [
                100.4208,
                13.4942
              ],
              [
                100.4181,
                13.495
              ],
              [
                100.4086,
                13.4931
              ],
              [
                100.4058,
                13.4956
              ],
              [
                100.4065,
                13.5031
              ],
              [
                100.4052,
                13.5108
              ],
              [
                100.4131,
                13.5272
              ],
              [
                100.4138,
                13.5359
              ],
              [
                100.4204,
                13.5418
              ],
              [
                100.4201,
                13.5458
              ],
              [
                100.4155,
                13.5499
              ],
              [
                100.4185,
                13.5596
              ],
              [
                100.4176,
                13.5616
              ],
              [
                100.4117,
                13.559
              ],
              [
                100.3953,
                13.5566
              ],
              [
                100.3922,
                13.5616
              ],
              [
                100.3911,
                13.5699
              ],
              [
                100.3851,
                13.5877
              ],
              [
                100.377,
                13.585
              ],
              [
                100.3822,
                13.59
              ],
              [
                100.3796,
                13.5933
              ],
              [
                100.3795,
                13.6079
              ],
              [
                100.3774,
                13.6181
              ],
              [
                100.371,
                13.6286
              ],
              [
                100.3621,
                13.6332
              ],
              [
                100.3563,
                13.6393
              ],
              [
                100.3497,
                13.64
              ],
              [
                100.3417,
                13.638
              ],
              [
                100.3393,
                13.6421
              ],
              [
                100.3425,
                13.6599
              ],
              [
                100.3393,
                13.6742
              ],
              [
                100.3346,
                13.6807
              ],
              [
                100.3313,
                13.6994
              ],
              [
                100.3316,
                13.7121
              ],
              [
                100.3353,
                13.714
              ],
              [
                100.3357,
                13.7285
              ],
              [
                100.3321,
                13.7327
              ],
              [
                100.3337,
                13.7342
              ],
              [
                100.3301,
                13.7653
              ],
              [
                100.3307,
                13.793
              ],
              [
                100.3291,
                13.8032
              ],
              [
                100.32,
                13.8215
              ],
              [
                100.3307,
                13.8032
              ],
              [
                100.3976,
                13.8004
              ],
              [
                100.4014,
                13.8015
              ],
              [
                100.4059,
                13.7999
              ],
              [
                100.4603,
                13.7968
              ],
              [
                100.4695,
                13.7944
              ],
              [
                100.4705,
                13.7926
              ],
              [
                100.4687,
                13.7891
              ],
              [
                100.4715,
                13.7883
              ],
              [
                100.5019,
                13.7995
              ],
              [
                100.5169,
                13.8121
              ],
              [
                100.5083,
                13.8165
              ],
              [
                100.5078,
                13.8187
              ],
              [
                100.5103,
                13.824
              ],
              [
                100.5141,
                13.8246
              ],
              [
                100.5371,
                13.8451
              ],
              [
                100.5451,
                13.8489
              ],
              [
                100.5687,
                13.949
              ],
              [
                100.5651,
                13.9487
              ],
              [
                100.5755,
                13.9534
              ],
              [
                100.5898,
                13.9504
              ],
              [
                100.6052,
                13.9438
              ],
              [
                100.6071,
                13.9447
              ],
              [
                100.606,
                13.9509
              ],
              [
                100.6071,
                13.9526
              ],
              [
                100.6127,
                13.9542
              ],
              [
                100.6264,
                13.948
              ],
              [
                100.6266,
                13.937
              ],
              [
                100.6411,
                13.9366
              ],
              [
                100.6416,
                13.9306
              ],
              [
                100.6908,
                13.9289
              ],
              [
                100.6904,
                13.9246
              ],
              [
                100.6991,
                13.9227
              ],
              [
                100.7024,
                13.9191
              ],
              [
                100.7063,
                13.9193
              ],
              [
                100.7081,
                13.9169
              ],
              [
                100.7214,
                13.9168
              ],
              [
                100.7299,
                13.9187
              ],
              [
                100.7299,
                13.9157
              ],
              [
                100.7526,
                13.9169
              ],
              [
                100.7926,
                13.9299
              ],
              [
                100.8218,
                13.9357
              ],
              [
                100.8259,
                13.9335
              ],
              [
                100.9151,
                13.9443
              ],
              [
                100.9078,
                13.8852
              ],
              [
                100.9074,
                13.8598
              ],
              [
                100.9035,
                13.8481
              ],
              [
                100.8933,
                13.8495
              ],
              [
                100.939,
                13.8132
              ],
              [
                100.9303,
                13.801
              ],
              [
                100.9106,
                13.7891
              ],
              [
                100.8946,
                13.7607
              ],
              [
                100.8562,
                13.6997
              ],
              [
                100.862,
                13.6961
              ],
              [
                100.8602,
                13.6884
              ],
              [
                100.845,
                13.6954
              ],
              [
                100.7894,
                13.7153
              ],
              [
                100.7495,
                13.7153
              ],
              [
                100.7182,
                13.7177
              ],
              [
                100.7112,
                13.717
              ],
              [
                100.7138,
                13.7017
              ],
              [
                100.7132,
                13.6942
              ],
              [
                100.7059,
                13.6716
              ],
              [
                100.7006,
                13.6611
              ],
              [
                100.6995,
                13.6545
              ],
              [
                100.6855,
                13.6578
              ],
              [
                100.6686,
                13.6653
              ],
              [
                100.668,
                13.6672
              ],
              [
                100.6705,
                13.6719
              ],
              [
                100.6679,
                13.6745
              ],
              [
                100.6607,
                13.6686
              ],
              [
                100.6574,
                13.6705
              ],
              [
                100.6558,
                13.6697
              ],
              [
                100.6485,
                13.6507
              ],
              [
                100.5937,
                13.663
              ],
              [
                100.5811,
                13.6672
              ],
              [
                100.5895,
                13.6804
              ],
              [
                100.5905,
                13.6861
              ],
              [
                100.5891,
                13.6911
              ],
              [
                100.5819,
                13.6978
              ],
              [
                100.5608,
                13.706
              ],
              [
                100.5555,
                13.7042
              ],
              [
                100.5531,
                13.7005
              ],
              [
                100.5535,
                13.6817
              ],
              [
                100.549,
                13.6723
              ],
              [
                100.5434,
                13.6686
              ],
              [
                100.5362,
                13.6684
              ],
              [
                100.5303,
                13.6717
              ],
              [
                100.5227,
                13.6786
              ],
              [
                100.5183,
                13.6716
              ],
              [
                100.5193,
                13.6641
              ]
            ]
          ]
        ]
      }
    }
  ]
}